period,HS7,T,pid,y,month,_Imonth_2,_Imonth_3,_Imonth_4,_Imonth_5,_Imonth_6,_Imonth_7,_Imonth_8,_Imonth_9,_Imonth_10,_Imonth_11,_Imonth_12,Y1084c752,growth1084c752,Y1164c818,Y1173c152,growth1173c152,Y1358c484,growth1358c484,Y1456c818,Y1489c222,growth1489c222,Y1527c222,growth1527c222,Y1539c428,Y1569c586,growth1569c586,Y1602c688,growth1602c688,Y1710c124,growth1710c124,Y1757c586,growth1757c586,Y1771c268,growth1771c268,Y2137c376,Y2393c344,Y2452c376,Y24c191,Y2637c352,growth2637c352,Y2638c372,growth2638c372,Y2790c372,growth2790c372,Y3059c68,growth3059c68,Y3081c246,growth3081c246,Y3266c484,growth3266c484,Y3315c440,growth3315c440,Y3397c222,growth3397c222,Y3461c818,Y3482c344,Y3518c818,Y3697c498,Y3703c818,Y3749c428,growth3749c428,Y3804c642,Y3811c818,Y4076c818,Y4204c818,Y4252c246,growth4252c246,Y4272c376,Y4275c818,Y4345c484,growth4345c484,Y4354c818,Y4682c428,growth4682c428,Y4753c352,growth4753c352,Y4917c484,growth4917c484,Y4925c818,Y4982c344,Y596c620,growth596c620,Y603c203,Y677c32,Y684c818,Y723c554,_merge,x,r2,s,sf
201001,901832,600,4754,880782,01,0,0,0,0,0,0,0,0,0,0,0,2080908,,1399892,1073763,,1153812,,17575,977,,37873,,214,36093,,165269,,381886,,20358,,17239,,202000,1755952,145000,720905,78407,,213914,,73098,,8895,,100731,,693450,,400647,,28021,,33651,2030284,749947,5584,405253,13194,,132431,2703539,872345,198056,1033048,,724000,4148979,118492,,1483945,150830,,26454,,3451456,,93727,1223121,101374,,2569706,49222,753,72036,matched (3),,.85415035,,
201002,901832,601,4754,449046,02,1,0,0,0,0,0,0,0,0,0,0,2812999,.3014469146728516,806432,629974,-.5332460403442383,1315739,.1313266754150391,4843,3253,1.202846050262451,79306,.73907470703125,115,13852,-.9576692581176758,36332,-1.514875411987305,421361,.0983676910400391,6916,-1.079636573791504,66324,1.347377777099609,46000,1734873,134000,912844,19222,-1.405858039855957,175899,-.1956644058227539,57662,-.2372026443481445,12036,.3024129867553711,206660,.7186212539672852,857815,.2127094268798828,425511,.0602102279663086,184271,1.883453369140625,1213,1340867,518741,7075,291034,7961,-.5052070617675781,72232,1844128,777670,263950,1277922,.2127218246459961,828000,3670817,67225,-.5668001174926758,1406807,135104,-.1101083755493164,19194,-.3208093643188477,3556966,.0301113128662109,183188,1463839,122188,.1867437362670898,2367835,27309,32919,36088,matched (3),671656.13,.85415035,79608.234,191612.7
201003,901832,602,4754,481785,03,0,1,0,0,0,0,0,0,0,0,0,3135623,.108576774597168,1083995,385835,-.4902687072753906,1209687,-.0840368270874023,16749,6078,.6250982284545898,80419,.0139369964599609,978,34286,.9063072204589844,173410,1.562959671020508,733973,.5549821853637695,34686,1.612498283386231,130230,.6747503280639648,48000,2853630,229000,1359161,80990,1.438270568847656,233203,.2819995880126953,49242,-.1578512191772461,61643,1.633457183837891,155594,-.2838249206542969,1090778,.2402582168579102,428383,.0067262649536133,184397,.0006837844848633,42553,2521867,758274,8300,309590,15658,.676426887512207,96991,1829685,933711,205572,2997685,.852604866027832,860000,2953752,71740,.06500244140625,1524242,173297,.24896240234375,66257,1.238943099975586,3569319,.0034666061401367,201115,1732351,116241,-.0498952865600586,2641015,21011,38177,16867,matched (3),1095447.4,.85415035,114997.92,208812.06
201004,901832,603,4754,669527,04,0,0,1,0,0,0,0,0,0,0,0,875442,-1.275854110717773,1165597,1717139,1.49300479888916,558098,-.7735815048217773,55216,7687,.2348546981811523,111642,.3280467987060547,0,49669,.3706436157226563,33143,-1.654827117919922,446239,-.4976177215576172,32914,-.0524377822875977,77853,-.5144796371459961,19000,3797759,59000,1405048,257397,1.156293869018555,276103,.1688642501831055,64942,.2767477035522461,20336,-1.108966827392578,192427,.2124662399291992,668490,-.4896249771118164,1035738,.8828525543212891,23945,-2.041331291198731,48154,2128558,1084989,12670,175118,13990,-.1126394271850586,0,2487945,1215650,418815,3894173,.2616405487060547,949000,2234400,78893,.0950441360473633,1038983,122260,-.3488569259643555,57856,-.1355838775634766,3469253,-.0284347534179688,82324,2815595,126959,.0881986618041992,2611740,15518,20251,17671,matched (3),789974.75,.85415035,76514.758,190348.28
201005,901832,604,4754,690267,05,0,0,0,1,0,0,0,0,0,0,0,642722,-.3090171813964844,359075,352037,-1.584677696228027,1280316,.830327033996582,108133,2190,-1.255629062652588,90071,-.2146987915039063,1193,56913,.1361427307128906,155930,1.548576354980469,494758,.1032142639160156,260560,2.068935394287109,81485,.0455961227416992,76000,3611000,105000,1356620,101863,-.9269905090332031,161450,-.5365781784057617,28824,-.812286376953125,44677,.7870664596557617,364770,.6395502090454102,1184274,.5718631744384766,1056708,.0200443267822266,42892,.5829257965087891,28002,1612772,1138533,5265,2421034,16467,.1630163192749023,35855,10925837,342554,33516,2722258,-.3580198287963867,879000,12274504,136376,.5473232269287109,4062128,85173,-.3614654541015625,20382,-1.043305397033691,5017116,.3689155578613281,259207,1909488,140124,.098663330078125,2428759,48292,23339,32591,matched (3),2481229,.85415035,370606.06,409544.66
201006,901832,605,4754,761807,06,0,0,0,0,1,0,0,0,0,0,0,656254,.0208358764648438,355471,1272164,1.284737586975098,536887,-.869074821472168,19998,2564,.1576671600341797,152428,.5260934829711914,364,102132,.584742546081543,43069,-1.286603927612305,387898,-.2433261871337891,18731,-2.63265323638916,124872,.4268703460693359,38000,4907208,201000,1581383,120443,.1675472259521484,279289,.5480518341064453,133032,1.529380798339844,4181,-2.368908882141113,191542,-.6441593170166016,1315079,.104766845703125,1174834,.1059684753417969,178424,1.425477027893066,83322,1649446,1053212,12002,413888,17459,.0584964752197266,62525,2284017,1365602,1200492,1734959,-.4504776000976563,951000,1756442,73826,-.6137046813964844,2317131,128210,.4089851379394531,54864,.9902057647705078,5056762,.0078716278076172,50490,3668499,83633,-.5160894393920898,2671988,82290,38473,18565,matched (3),845562,.85415035,194513.28,261176.91
201007,901832,606,4754,861609,07,0,0,0,0,0,1,0,0,0,0,0,703555,.0695981979370117,785707,1670997,.2727012634277344,901554,.5183324813842773,175570,11356,1.48817777633667,60090,-.9308481216430664,1557,88120,-.1475667953491211,57615,.2909793853759766,418841,.0767488479614258,2823,-1.892380237579346,104182,-.1811494827270508,196000,2462169,158000,1295663,157894,.270747184753418,531804,.6440277099609375,38375,-1.243183135986328,38205,2.212416648864746,273505,.3562126159667969,1274401,-.0314197540283203,1771931,.4109430313110352,162769,-.0918302536010742,59762,1695681,1435977,18165,584479,17742,.0160799026489258,202828,2335941,3083686,419272,2111713,.1965160369873047,1132000,3689898,105865,.3604536056518555,2819920,140292,.0900564193725586,32158,-.5341968536376953,4786170,-.0549964904785156,169032,3157841,108998,.2648916244506836,3072327,66508,55012,41076,matched (3),965881.88,.85415035,123641.29,213694
201008,901832,607,4754,855510,08,0,0,0,0,0,0,1,0,0,0,0,699599,-.0056390762329102,570976,1335743,-.2239322662353516,582587,-.436640739440918,89976,7422,-.425297737121582,87441,.3751201629638672,0,62499,-.3435487747192383,188021,1.182770729064941,531546,.2382984161376953,18840,1.898182392120361,149967,.3642759323120117,58000,2864310,155000,1768156,23030,-1.925126075744629,389560,-.3112573623657227,55286,.3651132583618164,18810,-.7085781097412109,311991,.1316537857055664,1503614,.1653947830200195,1441671,-.2062673568725586,126060,-.2555742263793945,32543,2304056,761540,2395,708984,12380,-.3598527908325195,98536,2275084,2856834,387886,1361879,-.438633918762207,1157000,2828525,69384,-.4225082397460938,2769207,196543,.3371553421020508,11592,-1.020345687866211,7469328,.4450750350952148,195423,2485940,108088,-.0083837509155273,3164926,55253,24186,31843,matched (3),311212.06,.85415035,109070.86,205607.42
201009,901832,608,4754,636135,09,0,0,0,0,0,0,0,1,0,0,0,2533841,1.286984443664551,1255186,1051005,-.239741325378418,1416323,.8883399963378906,21156,24862,1.208891868591309,81068,-.0756759643554688,1385,84941,.3068065643310547,65448,-1.0552978515625,457189,-.1506929397583008,24324,.2554807662963867,104906,-.3573513031005859,10000,2819196,210000,1680765,47744,.7290554046630859,266745,-.3787250518798828,40706,-.3061437606811523,5402,-1.24761962890625,185612,-.5193157196044922,1278710,-.1620197296142578,1386400,-.0390920639038086,144535,.1367635726928711,15509,1111227,180414,7570,671803,15895,.2499217987060547,65394,2086363,2245441,1084885,1625157,.1767387390136719,781000,3090326,98600,.3514156341552734,1371595,130893,-.4065017700195313,71893,1.824863433837891,5577402,-.2920818328857422,20088,1970614,75349,-.3608150482177734,2472069,41619,1134,56967,matched (3),958442.56,.85415035,131586.83,218387.39
201010,901832,609,4754,708490,10,0,0,0,0,0,0,0,0,1,0,0,2549168,.0060310363769531,2289824,1757396,.5140867233276367,1229317,-.1416053771972656,32884,30194,.1943025588989258,86153,.0608367919921875,324,153838,.5939426422119141,282255,1.461555480957031,650294,.3523273468017578,30449,.2245903015136719,82586,-.2392244338989258,26000,2882075,81000,1690144,41050,-.15106201171875,219828,-.1934471130371094,778778,2.951350212097168,61773,2.436697006225586,186039,.0022983551025391,998634,-.2472190856933594,1995280,.3640737533569336,240457,.5090198516845703,66906,1338104,12103874,20588,1790814,14155,-.115936279296875,183190,2403313,2915426,1113649,1746533,.0720281600952148,979000,4175137,3061398,3.435555458068848,2393593,169812,.2603120803833008,49923,-.3646965026855469,5814142,.041569709777832,60111,3843909,74956,-.0052299499511719,2457935,49626,96459,37361,matched (3),1597546.3,.85415035,336917.75,379330.38
201011,901832,610,4754,709617,11,0,0,0,0,0,0,0,0,0,1,0,2681403,.050572395324707,473559,2235374,.240574836730957,1610238,.2699241638183594,62979,1175,-3.246374607086182,93156,.078150749206543,297,90079,-.535212516784668,308604,.0892477035522461,558475,-.1522140502929688,23094,-.2764806747436523,159573,.6586618423461914,34000,2959040,96000,1220892,41691,.0154943466186523,240195,.0886049270629883,1152525,.3919849395751953,37677,-.4944162368774414,133437,-.3323268890380859,1238221,.2150430679321289,1794272,-.1061849594116211,255270,.0597801208496094,31426,1482707,10052245,14593,10987929,30622,.7716512680053711,261808,2697276,857570,441769,2506678,.3613252639770508,993000,3880341,6030995,.6780405044555664,1031375,192480,.125300407409668,62250,.2206764221191406,5816124,.000340461730957,127353,2310842,119991,.4705162048339844,2825312,62814,69058,61453,matched (3),1400723.5,.85415035,529520.25,557467.13
201012,901832,611,4754,634058,12,0,0,0,0,0,0,0,0,0,0,1,4117774,.4289731979370117,963929,529075,-1.441033363342285,558985,-1.058014869689941,53376,34029,3.365944385528565,79828,-.1544017791748047,47,9089,-2.293622016906738,181299,-.5319118499755859,481635,-.1480236053466797,13247,-.5558013916015625,121049,-.27630615234375,30000,2731472,232000,1127576,24568,-.5288400650024414,149032,-.4772891998291016,541210,-.7559032440185547,4676,-2.086606979370117,114485,-.1531858444213867,931148,-.2850131988525391,876586,-.7163200378417969,248374,-.0273857116699219,4989,1447690,748205,8969,915334,10718,-1.04979419708252,156983,1889550,2112176,158044,1631969,-.4291706085205078,1098000,2777586,2067148,-1.070742607116699,2876667,152280,-.2342710494995117,20510,-1.110245704650879,5302412,-.0924720764160156,119365,1925390,92892,-.2559795379638672,2960428,39584,29729,8894,matched (3),916641.75,.85415035,251694.92,306150.75
201101,901832,612,4754,862998,01,0,0,0,0,0,0,0,0,0,0,0,4728438,.1382818222045898,1113385,3067322,1.757430076599121,2422363,1.466376304626465,66851,36346,.0658712387084961,93328,.1562461853027344,1077,22383,.9012365341186523,228647,.2320318222045898,479942,-.0035209655761719,20779,.4501714706420898,240299,.6856880187988281,393000,3533571,238000,1186288,39820,.4829244613647461,261988,.5641374588012695,471831,-.1371870040893555,69541,2.699473381042481,155337,.3051528930664063,946290,.0161314010620117,655073,-.2912883758544922,373638,.408350944519043,239802,1773139,850920,16081,807875,12716,.1709356307983398,304154,2442005,563438,190749,1375318,-.1711025238037109,1228000,4070737,661934,-1.138759613037109,2150603,170806,.11480712890625,280317,2.615008354187012,5659026,.0650901794433594,115872,1813985,91088,-.0196113586425781,1891175,65327,18670,69633,matched (3),800961.56,.85415035,272960.28,323859.97
201102,901832,613,4754,843601,02,1,0,0,0,0,0,0,0,0,0,0,2832168,-.5125522613525391,574334,515517,-1.783390045166016,1139361,-.7542762756347656,33470,13583,-.9842653274536133,119916,.25067138671875,148,30061,.294926643371582,167810,-.3093471527099609,514555,.0696372985839844,18390,-.122136116027832,68139,-1.260334014892578,28000,2279500,139000,1353945,21347,-.6234588623046875,207061,-.235285758972168,511615,.0809516906738281,1551,-3.803016185760498,154739,-.0038566589355469,1227833,.2604570388793945,950917,.3726806640625,198203,-.6339950561523438,6274,1664011,1052292,6880,488012,12983,.0207805633544922,112312,1689039,419205,122234,1665547,.1914691925048828,1043000,1632064,64855,-2.32301139831543,863156,144014,-.1706180572509766,108639,-.9478902816772461,5304801,-.0646390914916992,89655,1457023,105474,.1466379165649414,2354125,19350,51604,20090,matched (3),756054.56,.85415035,226753.3,285998.28
201103,901832,614,4754,342139,03,0,1,0,0,0,0,0,0,0,0,0,1298687,-.779688835144043,1583168,1270520,.9020109176635742,1868587,.4947147369384766,7154,4818,-1.036459922790527,106866,-.1152153015136719,242,38737,.2535667419433594,145800,-.1405963897705078,884424,.5416336059570313,9329,-.6786785125732422,140870,.726287841796875,67000,4024879,363000,1904298,40538,.6413288116455078,195497,-.0574684143066406,58180,-2.174030303955078,2589,.5123715400695801,131871,-.1599159240722656,944214,-.2626533508300781,1216285,.246129035949707,421403,.7542972564697266,25875,1207564,1386696,7357,632518,17291,.2865447998046875,209701,2304944,1307420,138327,3094815,.6195745468139648,906000,2841452,93402,.3647584915161133,2686889,184077,.2454442977905273,28352,-1.343333244323731,4631646,-.1357002258300781,72925,2315494,100049,-.0528039932250977,2985595,3307,16981,169,matched (3),795870.38,.85415035,106057.76,204025.02
201104,901832,615,4754,629080,04,0,0,1,0,0,0,0,0,0,0,0,588959,-.7907524108886719,332663,1512731,.1744909286499023,1162149,-.4749116897583008,5588,457,-2.355430603027344,63509,-.5203943252563477,201,83029,.762394905090332,97029,-.4072256088256836,715868,-.2114410400390625,9649,.0337257385253906,89215,-.4567880630493164,29000,2673569,168000,1850009,60681,.4033908843994141,273417,.3354530334472656,86740,.3993730545043945,33842,2.570430755615234,105874,-.219573974609375,687058,-.3179340362548828,1548108,.2412328720092773,138767,-1.110793113708496,19468,1466448,1168099,17399,1105004,10762,-.4741649627685547,204094,1859465,672855,267003,3123155,.0091152191162109,752000,3909361,104924,.1163234710693359,2253690,195773,.0616016387939453,71029,.9183902740478516,4923241,.0610542297363281,63143,1917574,108381,.0799922943115234,3220595,1587,23377,13881,matched (3),821852.19,.85415035,77965.859,190936.2
201105,901832,616,4754,1079250,05,0,0,0,1,0,0,0,0,0,0,0,1068918,.5960454940795898,1985341,1950720,.2542819976806641,1778754,.4256420135498047,18993,24580,3.985005378723145,145914,.8318357467651367,823,110250,.2835607528686523,147204,.41680908203125,740603,.0339689254760742,22348,.8398828506469727,163005,.6027317047119141,61000,3806217,249000,1766638,67312,.1037082672119141,308346,.1202249526977539,90600,.0435390472412109,86121,.9340505599975586,121511,.1377544403076172,951623,.3257503509521484,1698440,.0926761627197266,350826,.9274940490722656,44874,1679803,3742683,19868,856965,18068,.5181217193603516,373132,2865568,2748157,326356,4793021,.4283170700073242,877000,4959489,208581,.6870918273925781,2505110,241725,.2108449935913086,67749,-.0472784042358398,6605428,.2939252853393555,177931,2412239,129148,.1753063201904297,3958932,92935,33958,53715,matched (3),1325706.8,.85415035,104766.93,203357
201106,901832,617,4754,926576,06,0,0,0,0,1,0,0,0,0,0,0,1596492,.4011621475219727,1336916,2252517,.1438493728637695,2092039,.162226676940918,67039,4968,-1.598916053771973,117332,-.2180099487304688,250,60386,-.6019935607910156,116394,-.2348384857177734,943216,.2418308258056641,20474,-.087580680847168,171711,.0520315170288086,40000,3376970,259000,1674216,62217,-.0787105560302734,244931,-.2302465438842773,133934,.3908929824829102,6495,-2.584720611572266,40991,-1.086651802062988,966828,.0158510208129883,1987096,.1569643020629883,167169,-.7412853240966797,13609,1766265,2712384,11913,3242814,14492,-.220545768737793,72972,2629078,1977587,280620,3780418,-.2373266220092773,888000,2819272,103890,-.6969947814941406,2209789,151557,-.4668397903442383,28795,-.8556079864501953,5990261,-.0977573394775391,257827,2077253,78640,-.4960784912109375,3523995,117200,22529,15992,matched (3),1034030.8,.85415035,87385.992,194972.48
201107,901832,618,4754,567750,07,0,0,0,0,0,1,0,0,0,0,0,828182,-.6563310623168945,799706,1401226,-.474700927734375,1485364,-.3424797058105469,107342,2368,-.740971565246582,41248,-1.045405387878418,1509,26833,-.8111248016357422,97344,-.1787290573120117,737609,-.2458810806274414,2575,-2.073306560516357,66178,-.9534645080566406,169000,3199390,65000,1522352,58978,-.0534639358520508,469466,.6506195068359375,119563,-.1135034561157227,12345,.6422185897827148,69808,.5323963165283203,704081,-.3171272277832031,1836646,-.0787334442138672,138799,-.1859779357910156,10775,1030606,1244133,3756,1333142,22064,.4203500747680664,108563,2337634,1498925,504119,485532,-2.05234432220459,761000,3614237,87701,-.1694002151489258,1976793,138628,-.089167594909668,27885,-.0321121215820313,4370696,-.3152122497558594,60455,1812838,97592,.2159156799316406,3450904,633,20233,74610,matched (3),681070.38,.85415035,157343.14,234808.05
201108,901832,619,4754,1322945,08,0,0,0,0,0,0,1,0,0,0,0,3091533,1.31718921661377,1263057,2128414,.41802978515625,1153567,-.2528009414672852,130155,22041,2.23085880279541,153074,1.311319351196289,149,74131,1.016201019287109,160055,.4972658157348633,856719,.1496953964233398,11126,1.463435649871826,201205,1.111976623535156,37000,2729279,350000,2039146,31510,-.6268596649169922,377748,-.2173681259155273,85831,-.3314638137817383,59393,1.570925712585449,123077,.5670614242553711,1010554,.3613605499267578,2277224,.2150163650512695,123937,-.1132535934448242,12469,1565138,1996666,10660,2728744,16442,-.2941083908081055,142253,2220878,3842764,1150816,2764972,1.739541053771973,824000,6211000,260037,1.086891174316406,2980353,148114,.0661888122558594,30946,.1041545867919922,5800287,.282984733581543,256913,2371745,115279,.1665592193603516,3938961,72562,22420,22973,matched (3),1355954.9,.85415035,120449.91,211863.48
201109,901832,620,4754,975155,09,0,0,0,0,0,0,0,1,0,0,0,704717,-1.478626251220703,1196434,248908,-2.146048545837402,723412,-.4666347503662109,41011,12639,-.556117057800293,46963,-1.181561470031738,809,55668,-.2864274978637695,48637,-1.191132545471191,650477,-.2754039764404297,12600,.1244115829467773,71453,-1.035284996032715,250000,2022062,115000,1560603,38275,.1944923400878906,251337,-.4074325561523438,152624,.5755977630615234,15995,-1.311900138854981,83006,-.3938980102539063,657298,-.4301156997680664,2087030,-.0872154235839844,73493,-.5225830078125,83905,794786,538257,12210,645262,14230,-.1444864273071289,10553,2725180,4879230,636959,2790064,.009033203125,826000,2445300,213404,-.197636604309082,2215942,144975,-.0214214324951172,35192,.128575325012207,5089739,-.1306800842285156,181508,1730629,54985,-.7402944564819336,2765636,24191,11269,16275,matched (3),281831.16,.85415035,148950.53,229268.89
201110,901832,621,4754,1274822,10,0,0,0,0,0,0,0,0,1,0,0,777665,.0984992980957031,1575172,1604635,1.863568305969238,833430,.1415700912475586,96518,19794,.4485912322998047,73617,.4495162963867188,254,19923,-1.027530670166016,252623,1.647513389587402,858789,.2778177261352539,17019,.300633430480957,117307,.4957542419433594,100000,2934162,171000,1674078,59041,.4334354400634766,275463,.0916585922241211,289257,.6393375396728516,101804,1.850772857666016,99245,.1786794662475586,766573,.1537923812866211,2083155,-.0018587112426758,145799,.6850385665893555,7854,1106866,672611,7281,814358,27295,.6513509750366211,346877,2665499,5694441,364214,2868515,.0277299880981445,817000,3367903,107684,-.6839866638183594,3161690,141559,-.0238447189331055,60833,.5473127365112305,5741456,.1204862594604492,235414,2519225,83025,.4120807647705078,2573384,30718,66348,83340,matched (3),1189337.9,.85415035,118204.9,210595.25
201111,901832,622,4754,966298,11,0,0,0,0,0,0,0,0,0,1,0,2389462,1.122528076171875,232746,923908,-.5520391464233398,739167,-.120025634765625,48438,12205,-.4835329055786133,118979,.4800710678100586,210,117919,1.778122901916504,237631,-.0611791610717773,671707,-.2457008361816406,17549,.0306663513183594,81106,-.3690366744995117,31000,2116008,142000,1608312,24666,-.8728065490722656,184347,-.4016342163085938,197591,-.3811159133911133,27765,-1.299273490905762,57762,-.5412607192993164,806778,.0511178970336914,1413224,-.3880090713500977,143617,-.0150785446166992,30516,840447,5554022,6749,357020,14227,-.6515617370605469,133450,2018730,2166996,134554,2937721,.0238399505615234,942000,2423808,159734,.3943090438842773,2027526,145313,.0261735916137695,31441,-.6600189208984375,6730290,.158905029296875,63087,2325184,68843,-.1873130798339844,3031786,10782,50206,36701,matched (3),877017.56,.85415035,111474.97,206892.8
201112,901832,623,4754,875983,12,0,0,0,0,0,0,0,0,0,0,1,2151432,-.1049346923828125,565885,474946,-.6654119491577148,450908,-.4942607879638672,48356,4712,-.9517335891723633,70168,-.5280551910400391,148,41241,-1.050565719604492,423225,.5771846771240234,648543,-.0350942611694336,8288,-.750187873840332,117626,.3717527389526367,45000,2115467,127000,1460103,21646,-.1306047439575195,203511,.0989007949829102,145938,-.3030176162719727,22975,-.1893692016601563,54653,-.0553274154663086,688811,-.1580810546875,1046635,-.3002939224243164,595889,1.422904014587402,53508,946319,316878,20883,523386,21471,.4115619659423828,99633,2816541,896685,833051,3153972,.0710287094116211,805000,2751053,101960,-.4489288330078125,3705034,146944,.0111618041992188,126163,1.389461517333984,6739960,.0014352798461914,189317,3264249,80835,.1605815887451172,2693063,57414,11403,12812,matched (3),1053409.8,.85415035,104830.16,203389.58
201201,901832,624,4754,610693,01,0,0,0,0,0,0,0,0,0,0,0,3875230,.5884714126586914,742942,1666413,1.255228042602539,784581,.5538873672485352,239088,116,-3.704277515411377,141677,.7026576995849609,694,35741,-.1431341171264648,154472,-1.007890701293945,405474,-.4696712493896484,13392,.4798488616943359,84593,-.3296585083007813,334000,1887563,84000,1074862,25748,.1735363006591797,192517,-.0555353164672852,107455,-.3061094284057617,6633,-1.242349624633789,18377,-1.089903831481934,856987,.2184553146362305,1100068,.0497922897338867,337370,-.5688743591308594,21517,1132586,4519794,3565,582188,13874,-.4366865158081055,73662,2697195,2957652,455545,2137249,-.3891429901123047,1043000,4062709,349242,1.231184005737305,3367693,170890,.1509685516357422,34567,-1.294674873352051,5339074,-.233001708984375,200143,2077127,120746,.4012794494628906,2014161,24520,135661,11042,matched (3),569980.44,.85415035,131379.94,218262.8
201202,901832,625,4754,479783,02,1,0,0,0,0,0,0,0,0,0,0,649219,-1.786589622497559,1528903,2234376,.2932882308959961,1050471,.2918434143066406,706,3306,3.349904537200928,48021,-1.081911087036133,265,41545,.1504793167114258,133870,-.1431436538696289,349146,-.149566650390625,4908,-1.003790855407715,111989,.2805490493774414,8000,2977048,212000,1605297,18901,-.3091421127319336,218685,.1274471282958984,64799,-.5057821273803711,66484,2.304903984069824,91404,1.604188919067383,788204,-.0836658477783203,823799,-.2892007827758789,224730,-.406280517578125,134612,561634,3992130,6075,408562,47626,1.233362197875977,22978,2297034,2972207,509599,1793452,-.1753778457641602,996000,4951588,159518,-.7836084365844727,1895341,165011,-.035008430480957,29195,-.1689023971557617,5038132,-.0580167770385742,60679,2011394,63688,-.6396932601928711,2519767,11287,15236,11504,matched (3),585940,.85415035,99048.75,200470.98
201203,901832,626,4754,500961,03,0,1,0,0,0,0,0,0,0,0,0,594032,-.0888376235961914,784381,4286489,.6515064239501953,955436,-.0948257446289063,13018,2104,-.4518990516662598,145813,1.110686302185059,444,77406,.6222867965698242,100475,-.2869606018066406,561804,.4756631851196289,12223,.9124526977539063,59867,-.6262750625610352,13000,2696054,126000,1652385,58791,1.134773254394531,172303,-.238377571105957,143776,.796966552734375,19043,-1.250261306762695,118994,.2637844085693359,1041880,.2790250778198242,940170,.1321334838867188,489387,.778254508972168,168176,1041716,4887307,5995,516073,27071,-.564915657043457,35448,2794222,3769538,354161,2024611,.1212358474731445,823000,4280777,355721,.8019905090332031,2037471,155003,-.0625677108764648,83620,1.052285194396973,5298103,.0503139495849609,172490,2057628,98615,.4372272491455078,2790744,73594,42502,16670,matched (3),608740.5,.85415035,85168.414,193988.7
201204,901832,627,4754,762151,04,0,0,1,0,0,0,0,0,0,0,0,604070,.0167570114135742,983819,2047009,-.7390890121459961,1008358,.0539102554321289,67754,528,-1.382499217987061,104598,-.3322010040283203,429,50452,-.4280424118041992,111256,.1019248962402344,248112,-.8172731399536133,35949,1.078782081604004,40159,-.3992786407470703,53000,3800105,329000,2153223,21174,-1.021214485168457,227549,.278111457824707,96893,-.3946495056152344,25923,.3084306716918945,75510,-.454808235168457,1201691,.1427030563354492,1117055,.1723909378051758,209684,-.8475522994995117,87603,1173197,1066075,19289,822847,9115,-1.088541984558106,48998,2647599,2942654,796215,2141602,.0561761856079102,1065000,2000483,185597,-.650568962097168,3285822,127334,-.1966304779052734,25137,-1.20194149017334,5404957,.0199670791625977,114362,2324997,104614,.0590543746948242,2607326,110358,55473,129800,matched (3),864649.38,.85415035,122372.48,212962.41
201205,901832,628,4754,1015813,05,0,0,0,1,0,0,0,0,0,0,0,595213,-.0147705078125,1376961,1611206,-.2393960952758789,1161510,.1413984298706055,120090,14284,3.297799110412598,130262,.2194232940673828,600,57085,.1235189437866211,123327,.1030054092407227,398054,.4727077484130859,33091,-.0828399658203125,161079,1.389047622680664,152000,3566133,147000,3358401,48804,.8350381851196289,181990,-.223414421081543,91021,-.0625171661376953,109312,1.439075469970703,75340,-.002253532409668,1281196,.0640649795532227,1526031,.3119745254516602,238221,.1275968551635742,101174,1586098,16971180,9649,925500,25991,1.047828674316406,222321,4688915,4884727,1027994,2530137,.1667194366455078,1087000,8671891,255959,.3214387893676758,4818004,143775,.1214361190795898,42426,.5234203338623047,7822540,.3696928024291992,148014,2673368,88454,-.1677951812744141,2820576,71779,63819,22775,matched (3),1091214.9,.85415035,147325.86,228216.7
201206,901832,629,4754,770785,06,0,0,0,0,1,0,0,0,0,0,0,440013,-.3021154403686523,1137456,1716524,.0633182525634766,929313,-.2230310440063477,74675,265,-3.987165451049805,129703,-.0043001174926758,180,42103,-.3044223785400391,23452,-1.659883499145508,238346,-.5128650665283203,30087,-.0951681137084961,88611,-.5976381301879883,55000,5257417,43000,2153269,9000,-1.690587997436523,209857,.1424751281738281,96162,.0549440383911133,35287,-1.130691528320313,61027,-.2106952667236328,1177284,-.0845842361450195,1499753,-.0173702239990234,130512,-.6017332077026367,29973,1457649,400270,4937,436276,14967,-.5519027709960938,164132,2509345,6702381,422569,1635081,-.4365806579589844,891000,2854045,160673,-.4656457901000977,2692333,128819,-.1098413467407227,14951,-1.042983055114746,5945143,-.2744340896606445,44030,2715841,79316,-.1090431213378906,2404153,39840,6436,19393,matched (3),605396.94,.85415035,98451.688,200176.66
201207,901832,630,4754,1138048,07,0,0,0,0,0,1,0,0,0,0,0,517893,.1629648208618164,1389284,931474,-.6112880706787109,373086,-.9126367568969727,195530,1970,2.006058692932129,121646,-.0641317367553711,314,67374,.4701404571533203,28011,.1776418685913086,458635,.6545314788818359,18926,-.4635562896728516,128941,.3750982284545898,58000,4102183,345000,1758334,13895,.4343051910400391,294213,.3378772735595703,60956,-.4558820724487305,23811,-.393366813659668,71075,.1524190902709961,1226707,.0411233901977539,1849162,.2094326019287109,415811,1.15876579284668,151009,907510,597815,11683,460305,5588,-.9852256774902344,32096,2659297,7526904,544016,2135549,.2670307159423828,859000,2904065,171486,.0651302337646484,3324671,134650,.0442705154418945,37198,.9114770889282227,4887375,-.1959190368652344,139307,2714256,98098,.2125272750854492,3005145,21457,37870,24068,matched (3),1125457.6,.85415035,119634.35,211400.89
201208,901832,631,4754,1243756,08,0,0,0,0,0,0,1,0,0,0,0,467666,-.1020145416259766,261126,1261472,.3032655715942383,474846,.2411813735961914,208781,5897,1.096410751342773,247469,.710169792175293,845,125520,.6222057342529297,285940,2.323184967041016,128477,-1.272504806518555,18845,-.0042896270751953,200934,.4436216354370117,76000,4720401,354000,2170250,67542,1.581220626831055,318986,.0808429718017578,114080,.6267480850219727,93513,1.367953300476074,76570,.0744695663452148,908017,-.3008260726928711,2442820,.2784204483032227,464532,.1107997894287109,256437,1068139,188573,37829,683520,18764,1.211318016052246,87422,3040483,7564577,1614508,5632514,.9698324203491211,1038000,4478340,221518,.2560024261474609,4759322,197792,.3845367431640625,75480,.7076120376586914,7205546,.3881950378417969,147035,1905224,76152,-.25323486328125,2966725,111283,37928,49714,matched (3),1181714.9,.85415035,125311.59,214664.73
201209,901832,632,4754,981346,09,0,0,0,0,0,0,0,1,0,0,0,828492,.5718526840209961,824167,156582,-2.086454391479492,1189215,.9180583953857422,148073,1124,-1.65755033493042,78834,-1.143940925598145,673,12211,-2.330127716064453,174829,-.491973876953125,426615,1.200132369995117,6124,-1.124032020568848,71629,-1.031476020812988,112000,3997348,277000,2340582,30161,-.8062000274658203,150598,-.7505331039428711,256434,.809971809387207,69191,-.3012304306030273,34431,-.7992477416992188,934667,.0289278030395508,1923840,-.23883056640625,379926,-.201054573059082,173293,935516,250052,12760,821147,19621,.0446605682373047,580768,4534544,8274229,953019,3718302,-.4152889251708984,589000,4912610,160318,-.3233442306518555,4248049,125545,-.4545516967773438,17656,-1.452792167663574,5221484,-.3220691680908203,111386,1823585,38960,-.670196533203125,2253823,3032,54408,13320,matched (3),1074698.3,.85415035,130158.5,217529.75
201210,901832,633,4754,732188,10,0,0,0,0,0,0,0,0,1,0,0,2287926,1.015793800354004,486210,1084354,1.935159683227539,339828,-1.252609252929688,11926,6685,1.782972812652588,174590,.7950954437255859,183,97800,2.080587387084961,169652,-.0300588607788086,335793,-.2393875122070313,12992,.7521181106567383,100222,.3358879089355469,30000,4837948,266000,1781810,27860,-.0793581008911133,104355,-.3668155670166016,87267,-1.077898979187012,164173,.8640499114990234,46953,.3101902008056641,774542,-.1879186630249023,2143290,.1080188751220703,488656,.2516822814941406,47083,603091,4838551,4795,425213,16261,-.187830924987793,283814,1985462,6782156,434742,2496548,-.3983583450317383,991000,3572580,163910,.0221576690673828,3424649,160391,.2449502944946289,45009,.9357872009277344,7686783,.3867206573486328,152038,2438370,93149,.8716650009155273,2596993,280031,10368,46694,matched (3),814810.75,.85415035,108475.69,205292.31
201211,901832,634,4754,592306,11,0,0,0,0,0,0,0,0,0,1,0,2058573,-.1056327819824219,872504,652697,-.5076265335083008,245092,-.3268060684204102,31118,879,-2.028837203979492,123732,-.3443222045898438,602,87134,-.1154775619506836,172559,.0169897079467773,293213,-.1355953216552734,18589,.3582363128662109,72847,-.3190269470214844,32000,3754725,243000,1428598,79203,1.044822692871094,141385,.3036880493164063,137302,.4532098770141602,75169,-.7811813354492188,36675,-.2470521926879883,1463751,.6364860534667969,1633182,-.2718114852905273,197159,-.9076480865478516,122965,912563,4414366,13992,690094,10411,-.4459066390991211,26628,3625396,4385721,746890,1532587,-.4879512786865234,736000,3815323,222666,.3063554763793945,5090645,128649,-.2205266952514648,34269,-.2726211547851563,6576664,-.1559743881225586,118611,3015259,116060,.2199068069458008,2563381,98962,55531,5446,matched (3),767115.13,.85415035,68927.656,187427.27
201212,901832,635,4754,1280008,12,0,0,0,0,0,0,0,0,0,0,1,2196207,.0647192001342773,801636,2498412,1.342297554016113,926750,1.330050468444824,161450,1661,.6363902091979981,262601,.7525177001953125,237,111074,.2427501678466797,60687,-1.045009613037109,293569,.0012130737304688,26251,.3451337814331055,158957,.7802724838256836,189000,2792467,353000,2020214,16391,-1.575282096862793,67558,-.738499641418457,110261,-.2193326950073242,31286,-.8765678405761719,52552,.3597078323364258,701810,-.7350950241088867,968010,-.5230426788330078,268066,.3072223663330078,90785,1149158,4932069,9151,944107,28233,.9976291656494141,1760886,2248302,9702970,655420,3644183,.8661746978759766,1089000,3865491,162945,-.3122596740722656,3486261,138358,.0727567672729492,55652,.4848766326904297,7919154,.1857566833496094,205147,3098175,62549,-.6181564331054688,2564584,94754,49017,69626,matched (3),1148693.8,.85415035,109277.97,205717.36
201301,901832,636,4754,1224331,01,0,0,0,0,0,0,0,0,0,0,0,4219686,.6530284881591797,816539,1114410,-.8073301315307617,685565,-.3014402389526367,49597,708,-.8527307510375977,88488,-1.0877685546875,552,28586,-1.357279777526856,281496,1.534388542175293,335087,.1322774887084961,7098,-1.307890892028809,91117,-.5564889907836914,44000,2314429,109000,1002389,13470,-.1962671279907227,148948,.7906103134155273,73020,-.4121170043945313,181945,1.760533332824707,98197,.6251726150512695,674870,-.0391426086425781,941506,-.0277624130249023,361025,.2977142333984375,59788,682088,624951,2118,472245,15725,-.585240364074707,554708,2508966,3187373,590532,2387333,-.4229555130004883,716000,2864430,149463,-.0863637924194336,3404352,181342,.2705402374267578,49632,-.1144819259643555,7317982,-.0789499282836914,152016,3316159,142750,.8251438140869141,2050854,24532,64505,10153,matched (3),1191679.9,.85415035,101116.69,201500.73
201302,901832,637,4754,924061,02,1,0,0,0,0,0,0,0,0,0,0,2255947,-.626190185546875,430339,2336448,.7403068542480469,1318043,.6536598205566406,11354,1735,.8963184356689453,209991,.8641977310180664,202,45347,.4614267349243164,29196,-2.266086578369141,360059,.0718784332275391,16828,.8632316589355469,161321,.5712518692016602,32000,1641367,234000,849136,60551,1.503020286560059,108682,-.3151702880859375,72574,-.0061264038085938,58942,-1.127150535583496,61390,-.4697284698486328,620907,-.083338737487793,846604,-.1062469482421875,299630,-.1863985061645508,26849,434665,909184,10359,607192,13572,-.147242546081543,216685,2052378,1982852,367351,1365777,-.5584526062011719,894000,3068438,116222,-.2515468597412109,4318391,170873,-.0594644546508789,35745,-.3282251358032227,6816290,-.071019172668457,75250,2510533,72379,-.6791782379150391,2294084,11372,82984,2773,matched (3),748516,.85415035,89648.039,195996.77
201303,901832,638,4754,536614,03,0,1,0,0,0,0,0,0,0,0,0,586576,-1.347023010253906,360165,283082,-2.110651016235352,735593,-.583226203918457,28345,1576,-.0961174964904785,215447,.0256500244140625,735,10314,-1.480841636657715,112609,1.349889755249023,267724,-.2963113784790039,8223,-.7161092758178711,86284,-.6257524490356445,25000,2541115,196000,1393670,18200,-1.202064514160156,98478,-.0985937118530273,7812,-2.228945732116699,53222,-.1020822525024414,101352,.5013523101806641,667669,.0726108551025391,872208,.0297946929931641,301570,.0064535140991211,195218,824632,177779,12911,551277,12150,-.1106796264648438,144646,3540105,3699843,195387,4432640,1.177271842956543,683000,2482905,61365,-.6386623382568359,2797598,139665,-.2016735076904297,36395,.0180206298828125,5186478,-.2732610702514648,97740,4575919,90867,.2274808883666992,2242410,97787,39733,18716,matched (3),428750.41,.85415035,82703.211,192919.11
201304,901832,639,4754,1038320,04,0,0,1,0,0,0,0,0,0,0,0,634864,.0791082382202148,1568149,1937068,1.923194885253906,1134867,.43359375,65936,1746,.1024374961853027,256461,.1742620468139648,527,104653,2.317147254943848,167496,.397038459777832,209546,-.2450132369995117,51793,1.840319633483887,96493,.1118259429931641,182000,3455598,295000,1528065,60667,1.203978538513184,100539,.0207128524780273,46919,1.79276180267334,13787,-1.35074520111084,106963,.0538835525512695,832344,.2204532623291016,1197249,.3167533874511719,319301,.0571317672729492,35943,1005443,25622,20832,496282,19247,.4600257873535156,180219,1752980,6058036,397798,4621713,.0417699813842773,1212000,3018920,63644,.0364646911621094,3240815,169321,.1925497055053711,59125,.4852228164672852,7424154,.3586845397949219,296114,3972775,144939,.4669160842895508,2593546,124838,9379,13591,matched (3),1113490.8,.85415035,105408.24,203688.14
201305,901832,640,4754,920305,05,0,0,0,1,0,0,0,0,0,0,0,885545,.3327922821044922,1034120,537037,-1.282864570617676,1030468,-.0965023040771484,68262,678,-.9459352493286133,123795,-.7283496856689453,287,93419,-.1135549545288086,156223,-.0696754455566406,213133,.016972541809082,11626,-1.494010925292969,97046,.0057153701782227,102000,3271928,270000,1435305,30383,-.6915168762207031,238065,.8619976043701172,59826,.2430181503295898,99749,1.978930473327637,74679,-.3592844009399414,867491,.0413599014282227,1720097,.3623542785644531,287067,-.1064186096191406,15635,1102804,421691,14283,365858,17129,-.116581916809082,87857,1430941,4026995,170497,3458123,-.2900400161743164,899000,1756208,199505,1.142534255981445,1919174,154366,-.0924701690673828,45093,-.2709274291992188,8585599,.1453475952148438,176276,3568531,100099,-.3701534271240234,2790957,111081,14227,24946,matched (3),1051738.8,.85415035,86623.906,194632.11
201306,901832,641,4754,990147,06,0,0,0,0,1,0,0,0,0,0,0,484232,-.6036386489868164,216967,1042300,.6631183624267578,1772876,.5425901412963867,105500,434,-.4461030960083008,80458,-.4308919906616211,893,28728,-1.179222106933594,52235,-1.095531463623047,254792,.1785316467285156,15196,.2677879333496094,119868,.2112054824829102,39000,3474601,281000,1472981,55848,.6087512969970703,216110,-.0967559814453125,85296,.3546867370605469,38842,-.9431543350219727,57453,-.2622318267822266,872376,.005615234375,1916750,.108250617980957,173933,-.5010452270507813,74991,1369576,123722,15643,396515,16717,-.0243473052978516,127634,2336131,5043088,293566,3786783,.0907907485961914,1388000,2630030,211624,.0589723587036133,3244629,164621,.0643196105957031,52013,.1427669525146484,6915289,-.2163515090942383,80255,3620919,84166,-.1733684539794922,2820645,9143,71286,16991,matched (3),693804.88,.85415035,67724.891,186988.28
201307,901832,642,4754,1152982,07,0,0,0,0,0,1,0,0,0,0,0,764815,.4570693969726563,921855,1045611,.0031719207763672,1431061,-.2141876220703125,94354,499,.139561653137207,261243,1.177716255187988,1411,96966,1.216487884521484,168964,1.173933029174805,250187,-.0182390213012695,16433,.0782594680786133,143971,.1832208633422852,0,3443248,0,3797806,64138,.1384029388427734,288571,.289154052734375,190927,.8057632446289063,94094,.884791374206543,70684,.2072525024414063,1097569,.2296323776245117,2052084,.0682249069213867,220107,.2354440689086914,37133,1309576,387120,33276,472218,14159,-.1660757064819336,265236,2545913,3243190,304511,940674,-1.392675399780273,0,4306929,179828,-.1628103256225586,2591691,173902,.0548458099365234,78616,.413081169128418,6432870,-.0723142623901367,121737,3726068,113007,.2946586608886719,3480636,6908,38257,26469,matched (3),1159574.4,.85415035,113268.2,207864.48
201308,901832,643,4754,1169519,08,0,0,0,0,0,0,1,0,0,0,0,2979952,1.360028266906738,1019186,1454251,.3298892974853516,732430,-.6698036193847656,137467,8419,2.825640201568604,164469,-.4627294540405273,1635,29315,-1.196261405944824,251531,.3978805541992188,250604,.0016651153564453,13280,-.2130317687988281,84756,-.5298347473144531,80000,2948193,696000,4082327,68099,.0599250793457031,306750,.061091423034668,193409,.0129165649414063,115092,.2014379501342773,77784,.0957164764404297,888359,-.2114772796630859,2083286,.0150899887084961,338768,.4312009811401367,76533,1312938,343762,9634,845906,23961,.5260772705078125,30826,2059487,4314606,672307,4088459,1.469326972961426,1067000,3390522,230158,.24676513671875,2748512,209625,.18682861328125,34903,-.8120021820068359,7330111,.1305694580078125,157941,3748572,133775,.1687097549438477,3544423,2715,71167,23401,matched (3),1154755.3,.85415035,80654.078,192049.58
201309,901832,644,4754,1050907,09,0,0,0,0,0,0,0,1,0,0,0,667930,-1.495478630065918,997807,530422,-1.008573532104492,995911,.3072900772094727,157070,2553,-1.193221569061279,173015,.0506563186645508,1376,27831,-.0519485473632813,203911,-.2098827362060547,331683,.2803058624267578,12078,-.0948734283447266,217864,.9440937042236328,55000,2647646,416000,3134751,32216,-.7484989166259766,199933,-.4280509948730469,164777,-.1602144241333008,55927,-.721684455871582,36600,-.7538871765136719,920827,.0358963012695313,2074562,-.0041961669921875,300764,-.1189889907836914,145400,914338,270472,18676,509547,23330,-.0266876220703125,88270,2087544,3276344,338582,3021013,-.3025760650634766,959000,5036532,133757,-.5427417755126953,3116917,198597,-.0540428161621094,71269,.7138881683349609,6989450,-.0475883483886719,91443,4291502,72735,-.6093368530273438,2699597,135523,20654,30325,matched (3),875667.06,.85415035,92462.719,197300.06
201310,901832,645,4754,1119605,10,0,0,0,0,0,0,0,0,1,0,0,2675943,1.387873649597168,1195005,2229418,1.435823440551758,1464340,.385502815246582,15192,3168,.2158312797546387,167054,-.0350608825683594,1011,90211,1.176000595092773,207143,.0157251358032227,251770,-.2756633758544922,15226,.2316188812255859,60934,-1.274079322814941,77000,0,195000,3478943,109888,1.226998329162598,292287,.3797540664672852,48317,-1.226809501647949,76945,.3190431594848633,100995,1.015022277832031,852093,-.0775766372680664,2665972,.250819206237793,213726,-.3416309356689453,66258,0,280964,20231,1016565,29737,.2426519393920898,144000,2322754,3347639,566854,1560592,-.6605262756347656,1054000,3941341,102285,-.2682609558105469,40221796,201746,.0157318115234375,85154,.1780004501342773,9846321,.3426952362060547,86668,0,87833,.1886148452758789,3316788,79870,21189,82896,matched (3),1205112.6,.85415035,93875.766,197966.2
201311,901832,646,4754,1085134,11,0,0,0,0,0,0,0,0,0,1,0,2302377,-.150360107421875,570073,1871755,-.1748647689819336,785977,-.6222324371337891,74244,607,-1.652327060699463,108445,-.4320745468139648,269,76951,-.1589822769165039,157935,-.2712249755859375,219375,-.1377334594726563,48886,1.166485786437988,55623,-.0911941528320313,36000,2265538,177000,2463326,35259,-1.136740684509277,290431,-.0063695907592773,36366,-.284149169921875,30734,-.9177207946777344,50776,-.6876468658447266,2376993,1.025896072387695,1860565,-.3596887588500977,286772,.2939920425415039,53035,1112810,229107,5456,508279,14895,-.6913661956787109,76144,2903708,2976867,381591,4076859,.960261344909668,763000,3330784,78558,-.2639265060424805,5134664,155985,-.2572498321533203,25262,-1.215160369873047,7278618,-.3021564483642578,80077,4273633,115507,.2738933563232422,2206150,71816,40820,6666,matched (3),1141878.1,.85415035,84120.688,193531
201312,901832,647,4754,1089016,12,0,0,0,0,0,0,0,0,0,0,1,2594712,.1195335388183594,411600,887218,-.7465410232543945,1538341,.6715316772460938,32039,160,-1.333354949951172,130355,.1840190887451172,432,18212,-1.44108772277832,349452,.7941818237304688,121609,-.5899715423583984,29152,-.5169668197631836,108230,.6656618118286133,50000,2817641,222000,2867515,18539,-.6428442001342773,79266,-1.298557281494141,91775,.9257059097290039,30386,-.011387825012207,18117,-1.030572891235352,2746573,.1445178985595703,1149188,-.4818248748779297,343638,.1809015274047852,138195,1368838,451561,23331,1004214,12077,-.2097225189208984,183747,2444685,3224599,213656,4687487,.1395692825317383,951000,3656376,974896,2.51849365234375,3380109,117886,-.2800416946411133,71020,1.033660888671875,7027928,-.0350484848022461,371502,4572359,58505,-.6802186965942383,2108943,117835,56637,18146,matched (3),1023791.6,.85415035,92771.992,197445.19
201401,901832,648,4754,1089065,01,0,0,0,0,0,0,0,0,0,0,0,2545787,-.0190353393554688,563625,1857326,.7388029098510742,658176,-.8489875793457031,71877,1041,1.872763156890869,188263,.3675785064697266,286,133534,1.992275238037109,312283,-.1124563217163086,162022,.2869205474853516,33172,.1291818618774414,250311,.838444709777832,67000,3055260,590000,1741871,56222,1.109431266784668,435157,1.702898025512695,67817,-.3025274276733398,112269,1.306916236877441,109944,1.803119659423828,3355214,.2001609802246094,1056474,-.0841188430786133,161074,-.7577247619628906,340663,1262337,24547,5637,527420,16523,.3134498596191406,295322,2898766,3956306,112102,5817804,.2160263061523438,1025000,3220937,5303382,1.693769454956055,3595290,241805,.7184133529663086,119373,.5192909240722656,9491052,.3004579544067383,408581,5473260,136908,.8501968383789063,2380624,41255,41126,13227,matched (3),1273134.4,.85415035,109062.45,205602.95
201402,901832,649,4754,267291,02,1,0,0,0,0,0,0,0,0,0,0,596241,-1.451550483703613,147496,1374519,-.3010339736938477,858950,.2662391662597656,25070,127,-2.103749752044678,134424,-.3368415832519531,130,25007,-1.675200462341309,112636,-1.019747734069824,225560,.3308544158935547,20317,-.4902477264404297,61147,-1.409422874450684,34000,2408593,238000,2139766,37406,-.4074764251708984,22001,-2.984619140625,18614,-1.292899131774902,13599,-2.110901832580566,46878,-.8524227142333984,2995277,-.1134786605834961,982197,-.0728998184204102,319219,.6840133666992188,65108,1361750,461248,8058,261634,12411,-.2861700057983398,69846,2108442,1342099,63508,3643460,-.4679889678955078,766000,2508372,2896345,-.6048946380615234,2927683,171504,-.3435249328613281,21546,-1.712062835693359,4843275,-.6727590560913086,156161,3053265,84198,-.4861383438110352,2265772,27708,71187,22313,matched (3),219475.67,.85415035,126285.88,215234.95
201403,901832,650,4754,1298054,03,0,1,0,0,0,0,0,0,0,0,0,818267,.3165435791015625,720354,2249855,.4927616119384766,71062,-2.492158889770508,6321,2970,3.152130126953125,160322,.1761856079101563,394,117006,1.543068885803223,328696,1.070971488952637,276138,.2023143768310547,14602,-.3302993774414063,102958,.5210399627685547,26000,2803111,335000,2432647,91309,.8924179077148438,146214,1.893983840942383,52908,1.04464054107666,54094,1.38072681427002,56014,.1780538558959961,3337970,.1083259582519531,1326708,.300663948059082,650264,.7115011215209961,194702,1189226,1303128,28290,1255456,21062,.5288877487182617,174599,2905623,2319071,405644,4001647,.0937719345092773,1219000,3123194,2755216,-.0499544143676758,3097536,245033,.3567867279052734,140601,1.875736236572266,4733123,-.023005485534668,130970,4429366,114087,.3037900924682617,2991464,78122,102645,0,matched (3),1043915.1,.85415035,109591.25,205883.95
201404,901832,651,4754,1171650,04,0,0,1,0,0,0,0,0,0,0,0,813808,-.0054636001586914,1944083,393068,-1.744638442993164,1560151,3.088985443115234,68223,2066,-.362947940826416,225679,.3419294357299805,348,94243,-.2163486480712891,84890,-1.353776931762695,273832,-.0083856582641602,54627,1.319369316101074,75018,-.3165931701660156,24000,3860370,230000,3163865,37297,-.8953361511230469,151476,.0353555679321289,102331,.6596584320068359,106300,.675541877746582,52473,-.065302848815918,4193733,.2282285690307617,1937184,.3785343170166016,110179,-1.775272369384766,114906,1422594,912472,8238,230770,21713,.0304403305053711,14187,1862830,2573513,225719,3468200,-.1430702209472656,1148000,3589956,1722484,-.4697284698486328,2671350,220544,-.1052961349487305,74584,-.6339998245239258,5492829,.1488580703735352,103734,4206711,105697,-.0763845443725586,2641663,144257,28437,24667,matched (3),1337786.6,.85415035,118257.77,210624.92
201405,901832,652,4754,952396,05,0,0,0,1,0,0,0,0,0,0,0,1125136,.3239345550537109,1051657,1161991,1.083908081054688,907118,-.5422649383544922,50501,2005,-.0299701690673828,254441,.1199550628662109,845,52111,-.5924997329711914,204700,.8801889419555664,205072,-.289154052734375,57544,.0520219802856445,191973,.9396266937255859,75000,2984926,480000,2786385,67248,.5894737243652344,253598,.5153226852416992,29890,-1.230688095092773,24695,-1.459664344787598,25408,-.7252349853515625,3625843,-.1455039978027344,2006518,.0351657867431641,397491,1.283065795898438,124550,1546219,560972,20615,644577,65771,1.108267784118652,295991,2188165,2435147,217335,4054872,.1562833786010742,808000,3250242,1316118,-.2690811157226563,3180794,185901,-.1708822250366211,98430,.2774190902709961,7727972,.3414030075073242,233528,4256860,97147,-.0843515396118164,3680609,13936,45816,13541,matched (3),995762.88,.85415035,74582.75,189579.92
201406,901832,653,4754,839619,06,0,0,0,0,1,0,0,0,0,0,0,399189,-1.036224365234375,681745,989737,-.1604509353637695,827597,-.0917463302612305,904,1383,-.3713889122009277,171808,-.3926916122436523,1723,96490,.616063117980957,119868,-.5351543426513672,270335,.276301383972168,54558,-.0532855987548828,151234,-.2385263442993164,140000,3349792,700000,2868684,57710,-.1529569625854492,241963,-.0469655990600586,21229,-.3421564102172852,86523,1.253809928894043,42478,.5139217376708984,2576298,-.3417339324951172,1999793,-.00335693359375,320915,-.2139959335327148,4713,895257,212537,7308,282282,19840,-1.198478698730469,42993,28124,432107,25438,5016244,.2127628326416016,1002000,1215801,973492,-.3015518188476563,1719190,168961,-.0955467224121094,36182,-1.000783920288086,7531664,-.025731086730957,101347,3676953,67142,-.369415283203125,3049356,92447,22085,21617,matched (3),978107.06,.85415035,93419.234,197750.13
201407,901832,654,4754,1446703,07,0,0,0,0,0,1,0,0,0,0,0,572772,.3610525131225586,835748,4218753,1.449854850769043,1090473,.2758407592773438,7630,6900,1.607265949249268,162224,-.057398796081543,7886,46319,-.7338876724243164,185503,.4366798400878906,664015,.8986425399780273,64883,.1733217239379883,156793,.0360984802246094,214000,2228303,132000,2913874,64968,.118464469909668,242033,.0002899169921875,18850,-.1188554763793945,95636,.1001386642456055,55632,.2697725296020508,3889955,.4120445251464844,2483320,.216552734375,165336,-.6631965637207031,23097,2107843,442831,10447,364799,22081,.1070175170898438,67791,2073645,2747216,233462,3525526,-.3526515960693359,1157000,3405567,1803545,.6166200637817383,2391782,191542,.1254396438598633,98876,1.005305290222168,8229978,.0886678695678711,243921,3014479,94814,.3451070785522461,3279480,23540,19546,25713,matched (3),1337986.5,.85415035,102579.54,202238.77
201408,901832,655,4754,1581839,08,0,0,0,0,0,0,1,0,0,0,0,733636,.2475252151489258,863954,1322140,-1.160287857055664,1188014,.0856714248657227,133352,2341,-1.080942630767822,216577,.2889680862426758,10006,174311,1.325288772583008,216310,.1536417007446289,773643,.1528053283691406,56683,-.1351118087768555,163810,.0437803268432617,90000,2987691,830000,3789083,24076,-.9926786422729492,262285,.080357551574707,108664,1.751748085021973,93200,-.0258016586303711,56739,.0197038650512695,4011569,.0307846069335938,2540521,.0227727890014648,167060,.0103740692138672,170368,869549,674938,35939,690974,11810,-.6257705688476563,30546,3018049,5583891,279833,4298752,.1982946395874023,1029000,4259883,1564902,-.1419315338134766,4533967,199974,.0430803298950195,43017,-.8322715759277344,8674793,.052638053894043,261582,3586353,99159,.0448083877563477,3052509,177949,120330,32723,matched (3),1489338.1,.85415035,68958.82,187438.73
201409,901832,656,4754,830317,09,0,0,0,0,0,0,0,1,0,0,0,4767857,1.871639251708984,602210,757728,-.5566816329956055,785432,-.4138050079345703,66658,8325,1.26868486404419,170654,-.2383079528808594,481,63246,-1.013808250427246,130865,-.5025463104248047,738103,-.0470266342163086,52238,-.0816640853881836,125458,-.2667360305786133,23000,2847913,381000,3565042,76948,1.161913871765137,167994,-.4455032348632813,86933,-.2231225967407227,19093,-1.585426330566406,45769,-.2148551940917969,3969314,-.0105886459350586,2815767,.1028652191162109,295208,.5693264007568359,182571,817888,455875,21966,676456,33559,1.044358253479004,464353,2690456,4091520,166650,3403477,-.2335271835327148,887000,4122725,802870,-.6673851013183594,3246754,215351,.0740814208984375,82765,.6544103622436523,7414373,-.1570014953613281,105820,3314252,45511,-.7787714004516602,3104274,81159,53644,46232,matched (3),866229.19,.85415035,116046.34,209391.28
201410,901832,657,4754,727493,10,0,0,0,0,0,0,0,0,1,0,0,642066,-2.004961013793945,167609,523672,-.3694591522216797,783760,-.0021305084228516,9889,13035,.4483747482299805,145863,-.1569709777832031,379,10843,-1.76351261138916,542328,1.42170524597168,685622,-.0737571716308594,32143,-.4856157302856445,124926,-.0042495727539063,46000,3438167,212000,3400274,48935,-.45263671875,190831,.1274595260620117,52086,-.512242317199707,91865,1.570999145507813,46681,.0197305679321289,4331841,.0873985290527344,2650911,-.0603313446044922,300151,.0166053771972656,6113,520635,207975,17640,392836,30854,-.0840387344360352,61944,1008641,2373549,19678,3061477,-.1058998107910156,776000,2855691,1357827,.5254478454589844,2305776,186792,-.1422739028930664,25820,-1.16485595703125,8433120,.1287469863891602,199346,3149689,82198,.5911769866943359,2798584,44631,17532,26188,matched (3),663051.88,.85415035,75023.094,189753.58
201411,901832,658,4754,1838088,11,0,0,0,0,0,0,0,0,0,1,0,2332970,1.290206909179688,1588863,1065657,.7104806900024414,1044811,.2874879837036133,11597,5318,-.896540641784668,161301,.1006050109863281,11059,140907,2.564579963684082,216409,-.918701171875,590471,-.1494054794311523,69507,.7712326049804688,91250,-.3141183853149414,91000,2187927,283000,2142622,22402,-.7813425064086914,181612,-.0495157241821289,52778,.0131988525390625,24640,-1.315949440002441,47508,.0175609588623047,3702676,-.1569366455078125,2422589,-.0900669097900391,328643,.0906867980957031,196296,590601,560206,19190,456339,23333,-.2793979644775391,56805,2790934,7201323,202735,4640615,.4159488677978516,1144000,3034028,1665504,.2042427062988281,3206819,180077,-.0366106033325195,74398,1.058279037475586,7374140,-.1341876983642578,193763,3378863,98308,.1789751052856445,2243363,173102,39849,51285,matched (3),1604739.1,.85415035,82263.742,192731.11
201412,901832,659,4754,674365,12,0,0,0,0,0,0,0,0,0,0,1,2019618,-.1442337036132813,842990,1689723,.4609737396240234,499402,-.7381801605224609,19012,868,-1.812661170959473,166939,.0343561172485352,155,45467,-1.131113052368164,364505,.5213699340820313,493331,-.1797409057617188,44703,-.4413862228393555,63206,-.3672037124633789,61000,3648657,239000,3397800,20206,-.1031713485717773,109565,-.5053548812866211,92238,.5582771301269531,11792,-.7369499206542969,31682,-.4051494598388672,2855988,-.2596378326416016,1465012,-.5029726028442383,196215,-.5157613754272461,36874,553531,215746,5578,422305,32177,.3213834762573242,121666,2292947,3419623,112802,3294053,-.3427276611328125,1050000,3794784,2018745,.192347526550293,3959277,182025,.0107593536376953,64929,-.136134147644043,8552827,.1482820510864258,239789,3696797,69777,-.3428010940551758,2786756,15786,16472,12993,matched (3),981625.44,.85415035,95340.227,198664.84
201501,901832,660,4754,1047832,01,0,0,0,0,0,0,0,0,0,0,0,2094627,.0364665985107422,432998,1809155,.0682945251464844,734147,.3852987289428711,33175,1265,.3766360282897949,217283,.2635717391967773,506,32127,-.3472900390625,28861,-2.536048889160156,613114,.2173709869384766,48676,.0851449966430664,180564,1.049686431884766,113000,2161857,379000,2361695,41089,.7097616195678711,182476,.510101318359375,92682,.0048027038574219,191025,2.784983634948731,11362,-1.025474548339844,3997859,.3363409042358398,1334327,-.0934371948242188,443618,.8157529830932617,25831,539791,307969,7856,416296,22175,-.3722867965698242,66000,1807917,2755831,37664,2365272,-.3312253952026367,924000,2714611,1242002,-.4857511520385742,2819793,182358,.0018272399902344,43955,-.3901281356811523,7191054,-.1734237670898438,48738,4082610,75369,.0770912170410156,1809039,24832,30225,5691,matched (3),1260206.1,.85415035,87552.5,195047.17
201502,901832,661,4754,1166411,02,1,0,0,0,0,0,0,0,0,0,0,2061766,-.015812873840332,1081572,1094896,-.5022001266479492,934606,.2414150238037109,50568,324,-1.362083911895752,95426,-.8228492736816406,4598,92260,1.054914474487305,44130,.4246482849121094,551223,-.1064119338989258,41408,-.1617116928100586,121948,-.3924903869628906,57000,2334147,613000,2315149,46530,.1243562698364258,135387,-.2984819412231445,42544,-.7786359786987305,10887,-2.864835739135742,28523,.920435905456543,2849728,-.3385353088378906,829886,-.4748935699462891,353438,-.2272558212280273,59267,631416,727335,9749,954688,10316,-.7652692794799805,80013,2199313,3921407,506594,2377561,.0051813125610352,716000,4208891,1833499,.3895015716552734,4108349,165577,-.0965347290039063,27967,-.4521408081054688,6479227,-.1042366027832031,129195,2550710,68545,-.0949058532714844,1936421,97061,75149,23132,matched (3),1064873.8,.85415035,62316.16,185097.98
201503,901832,662,4754,1552126,03,0,1,0,0,0,0,0,0,0,0,0,4081538,.6829118728637695,830914,476651,-.831629753112793,1455526,.442997932434082,14887,14465,3.79874324798584,182318,.6474008560180664,167,115536,.224970817565918,71362,.480626106262207,588773,.0659017562866211,49846,.1854639053344727,150380,.2095699310302734,76000,2491765,560000,3330209,15372,-1.107549667358398,127417,-.0606718063354492,74584,.5613880157470703,83679,2.039419174194336,54808,.6531257629394531,3984153,.3351011276245117,1184813,.3560523986816406,545088,.4332389831542969,91502,744303,1167537,12455,673297,18369,.5769681930541992,252418,2119447,3808637,683198,4329026,.5992679595947266,959000,5496077,2364679,.2544164657592773,4310707,196641,.1719427108764648,76894,1.011402130126953,6278917,-.0314035415649414,151919,2622171,95705,.3337802886962891,2527734,11110,61311,46078,matched (3),1647698.1,.85415035,76562.602,190367.52
201504,901832,663,4754,952787,04,0,0,1,0,0,0,0,0,0,0,0,251707,-2.785964012145996,778671,1627602,1.22807788848877,1853101,.2414932250976563,179,268,-3.988499641418457,139931,-.2646026611328125,2403,59358,-.6659946441650391,48729,-.3814916610717773,504631,-.1542129516601563,18045,-1.016069412231445,33313,-1.507217407226563,23000,2255247,445000,2680177,37848,.9010305404663086,97099,-.2717342376708984,46801,-.4660215377807617,1377,-4.107080936431885,39160,-.3361806869506836,3684997,-.0780544281005859,1365596,.1420059204101563,197259,-1.016428947448731,59414,1826467,660918,1778,266363,17923,-.0245790481567383,123523,1548821,6841292,43693,3192261,-.3046131134033203,832000,4244721,1723124,-.3165035247802734,2767973,166278,-.1677179336547852,29324,-.9640216827392578,8533896,.3068485260009766,32518,3083057,80915,-.1678714752197266,2194662,8409,53324,37419,matched (3),921012.44,.85415035,82308.352,192750.16
201505,901832,664,4754,1201718,05,0,0,0,1,0,0,0,0,0,0,0,578271,.8317766189575195,1114394,844512,-.6561040878295898,1296804,-.3569574356079102,120079,2574,2.262228965759277,203799,.3759851455688477,3351,72333,.19769287109375,31673,-.4308090209960938,566148,.1150274276733398,68349,1.331758499145508,99775,1.096969604492188,57000,2707614,595000,2965772,59803,.4574775695800781,192411,.6839027404785156,33568,-.332331657409668,93269,4.215580463409424,54024,.321772575378418,3347601,-.0960264205932617,1556378,.1307697296142578,221170,.1144142150878906,216499,1141100,1067082,8586,579555,7327,-.8945188522338867,394442,2073215,7342214,179054,4092599,.2484502792358398,932000,3871252,994483,-.5496711730957031,3471295,157435,-.0546483993530273,29052,-.0093183517456055,9344362,.0907268524169922,84172,3619981,108970,.2976741790771484,2717188,12140,54398,72415,matched (3),1403129.9,.85415035,96172.625,199065.66
201506,901832,665,4754,778306,06,0,0,0,0,1,0,0,0,0,0,0,577765,-.0008745193481445,609397,599243,-.3430910110473633,1231454,-.0517072677612305,100472,2616,.0161857604980469,175193,-.1512460708618164,2152,71841,-.0068244934082031,31906,.007328987121582,557028,-.016240119934082,43590,-.4497995376586914,151519,.4177932739257813,97000,1605855,381000,2753915,22472,-.978785514831543,184060,-.0443716049194336,47694,.3512325286865234,19051,-1.58836841583252,51080,-.056035041809082,1847469,-.5944271087646484,1990529,.2460393905639648,355870,.4756336212158203,142148,864046,454317,8317,838958,12585,.5409393310546875,351382,1954428,8734907,193410,3911665,-.0452165603637695,1089000,2822859,850650,-.1562223434448242,3370533,151871,-.0359811782836914,30058,.0340414047241211,7566438,-.2110500335693359,86191,3234569,72211,-.4114809036254883,2678095,137735,67831,10924,matched (3),955572.44,.85415035,84485.883,193690.02
201507,901832,666,4754,1702670,07,0,0,0,0,0,1,0,0,0,0,0,613371,.0598020553588867,862417,804886,.2950334548950195,1342849,.0865974426269531,158275,369,-1.958605289459229,257344,.3845252990722656,6455,78700,.0911874771118164,61182,.6510591506958008,622294,.1107978820800781,33610,-.2600040435791016,104877,-.3679227828979492,102000,2811017,761000,3478207,41116,.6041269302368164,274036,.3979978561401367,82404,.5468282699584961,167783,2.175552368164063,71973,.3428983688354492,4027849,.7794160842895508,2007243,.00836181640625,386628,.0828971862792969,47557,1031850,304772,41809,843257,25916,.7223548889160156,270755,2502886,8034773,412621,4789953,.2025575637817383,959000,3114788,1656091,.6662139892578125,3691089,190104,.2245397567749023,59954,.6904487609863281,10376128,.3157844543457031,148244,3472118,111934,.4383172988891602,3056924,197785,92652,53474,matched (3),1684738.5,.85415035,98078.367,199993.31
201508,901832,667,4754,1543856,08,0,0,0,0,0,0,1,0,0,0,0,602262,-.0182771682739258,448010,750020,-.0706014633178711,894465,-.4063224792480469,116553,2857,2.046730995178223,205801,-.2235040664672852,3275,60132,-.2691011428833008,35183,-.5532903671264648,654294,.0501432418823242,57835,.5427703857421875,136738,.2652788162231445,36000,2090915,324000,3261276,20088,-.7162742614746094,182733,-.4052333831787109,130683,.4611406326293945,99714,-.5203657150268555,18075,-1.38176155090332,3077687,-.2690544128417969,1763272,-.1295909881591797,210044,-.6101455688476563,126199,617763,240206,10878,533803,17170,-.4116964340209961,170895,2174492,4661239,474925,4334251,-.0999717712402344,930000,2608980,665107,-.912266731262207,3295382,172197,-.0989322662353516,29313,-.7155466079711914,8025836,-.2568416595458984,210329,3108193,109596,-.0211086273193359,3196544,9227,70288,21324,matched (3),1346335,.85415035,79228.602,191455.3
201509,901832,668,4754,1046537,09,0,0,0,0,0,0,0,1,0,0,0,512620,-.1611576080322266,405517,1183649,.4562578201293945,1562679,.5579309463500977,33222,1422,-.6977081298828125,198941,-.0339012145996094,3000,146242,.8887205123901367,40491,.1405172348022461,552501,-.1691007614135742,33791,-.5373992919921875,154402,.1214933395385742,24000,1292221,297000,3083812,35192,.5606966018676758,159183,-.1379718780517578,100251,-.2650976181030273,106932,.0698871612548828,15018,-.1852807998657227,2815788,-.0889358520507813,1767341,.0023050308227539,44347,-1.555272102355957,101559,706905,447290,9209,646738,10459,-.4957008361816406,117966,2097590,2460136,452181,3208229,-.3008298873901367,779000,2649806,801921,.1870622634887695,4817588,192357,.1107139587402344,43745,.4003458023071289,7652591,-.0476217269897461,124339,3339768,108191,-.0129022598266602,2863707,85,88330,29120,matched (3),1006330.4,.85415035,96721.313,199331.31
201510,901832,669,4754,1395237,10,0,0,0,0,0,0,0,0,1,0,0,5417399,2.35783576965332,929166,1911030,.4790401458740234,638307,-.8953380584716797,45292,3711,.9592375755310059,216561,.0848636627197266,14244,93604,-.4461889266967773,47386,.1572465896606445,579629,.0479326248168945,52186,.4346199035644531,63044,-.8957271575927734,66000,4362203,207000,2837472,45821,.2639236450195313,302318,.6414251327514648,63259,-.4604396820068359,31130,-1.234021186828613,28317,.6342134475708008,3267333,.1487321853637695,1878603,.0610523223876953,166245,1.321417808532715,266888,862520,1662482,4383,1153454,31965,1.117177963256836,370845,2720675,3522763,1027955,2960692,-.080296516418457,1127000,5299214,785263,-.020991325378418,4690736,153029,-.2287254333496094,43794,.0011196136474609,7686313,.0043973922729492,70353,7382391,75523,-.3594608306884766,2602446,8616,59830,62821,matched (3),1260945.1,.85415035,111643.6,206983.7
201511,901832,670,4754,1035543,11,0,0,0,0,0,0,0,0,0,1,0,590392,-2.216584205627441,551881,273323,-1.944743156433106,472071,-.3016891479492188,14544,6142,.5038490295410156,178871,-.1912069320678711,1309,58533,-.469482421875,330780,1.943126678466797,450750,-.2514753341674805,44201,-.1660671234130859,56433,-.11077880859375,26000,1446033,98000,2646615,28532,-.4737167358398438,119002,-.9323396682739258,58086,-.0853128433227539,31679,.017481803894043,109659,1.353913307189941,2164003,-.4120149612426758,1315900,-.3560075759887695,49092,-1.219766616821289,43793,399697,686433,4207,989832,28492,-.1150178909301758,450068,2173228,2701516,890653,2915020,-.0155458450317383,1002000,3836779,152156,-1.641112327575684,5881199,144187,-.0595169067382813,32583,-.2957057952880859,7121432,-.0763320922851563,208125,2937069,64632,-.1557283401489258,2474482,30596,26020,23692,matched (3),798198.5,.85415035,85350.484,194068.7
201512,901832,671,4754,1791407,12,0,0,0,0,0,0,0,0,0,0,1,1553463,.9674558639526367,558412,1853821,1.914349555969238,1364278,1.061250686645508,47396,2725,-.8126826286315918,227755,.2416057586669922,17154,106791,.6012821197509766,450440,.308772087097168,428666,-.0502347946166992,50259,.1284418106079102,144092,.9373979568481445,62000,2170502,174000,3376677,71237,.9149866104125977,114549,-.0381374359130859,103424,.5769128799438477,119851,1.330595970153809,59083,-.6184329986572266,2414694,.1096134185791016,1091908,-.1865940093994141,76010,.4371681213378906,158911,483637,265947,4580,691582,16770,-.5300321578979492,161230,3135727,5886347,227812,2721602,-.0686559677124023,1044000,4486565,306801,.7012929916381836,6048583,199110,.3227462768554688,44342,.3081417083740234,7448402,.0448904037475586,235900,4091545,56198,-.1398277282714844,2665839,22748,42611,38470,matched (3),1612922.4,.85415035,101453.65,201670.03
201601,901832,672,4754,1510888,01,0,0,0,0,0,0,0,0,0,0,0,2522144,.4846220016479492,1134501,1132617,-.4927177429199219,756967,-.5890607833862305,18843,990,-1.012518405914307,226824,-.0040969848632813,3610,49107,-.7768716812133789,209087,-.7674751281738281,512608,.1788330078125,74213,.3897504806518555,45727,-1.147763252258301,45000,1736647,196000,2334861,27384,-.9560537338256836,255569,.802490234375,52167,-.68438720703125,79842,-.4062004089355469,37577,-.4525508880615234,2103803,-.1378259658813477,873968,-.2226381301879883,27002,-1.034953117370606,98628,423759,3183082,0,959579,5345,-1.143429756164551,6505,1915008,1409724,172128,1783961,-.4223842620849609,800000,4775976,202491,-.4155044555664063,3750369,118114,-.5222072601318359,33027,-.2946071624755859,8334556,.1124105453491211,110224,4055078,65529,.1536111831665039,2168438,30786,38492,1676,matched (3),1312089.4,.85415035,77954.094,190931.41
201602,901832,673,4754,1115325,02,1,0,0,0,0,0,0,0,0,0,0,2668717,.0564889907836914,999479,1500841,.2814950942993164,1551749,.7178182601928711,34361,10231,2.335472106933594,186938,-.1933965682983398,1718,45513,-.0760040283203125,203217,-.0284757614135742,424830,-.1878223419189453,50525,-.3844718933105469,100528,.7877473831176758,28000,1424690,197000,2589094,22780,-.1840763092041016,146354,-.557464599609375,42590,-.2028303146362305,7387,-2.380327224731445,23984,-.449005126953125,2786524,.2810478210449219,791832,-.0986948013305664,91055,1.21555233001709,73083,512057,344714,34810,651117,34922,1.876955986022949,475501,1409273,4768763,324644,3391148,.6423320770263672,871000,3297086,1109335,1.700820922851563,4337636,269439,.8246917724609375,65494,.6846332550048828,9682356,.1498947143554688,195596,1852192,93026,.3503866195678711,2702384,222512,18211,37501,matched (3),1224688.5,.85415035,93772.891,197917.44
201603,901832,674,4754,870902,03,0,1,0,0,0,0,0,0,0,0,0,545476,-1.58769416809082,458859,859499,-.5574312210083008,930304,-.5116262435913086,7881,204,-3.915057182312012,152172,-.2057657241821289,6257,231227,1.625402450561523,258768,.2416572570800781,452845,.0638608932495117,34588,-.3789606094360352,58464,-.5420246124267578,94000,1642039,235000,3550681,55383,.8883895874023438,98055,-.4004993438720703,88634,.7328958511352539,16617,.810704231262207,49399,.7225437164306641,2538054,-.0933971405029297,1128762,.354527473449707,120194,.2776432037353516,60198,512314,223370,10135,659512,16435,-.7537040710449219,305317,1804123,1579230,157098,4228582,.220698356628418,1106000,3087903,108416,-2.325540542602539,4069766,177258,-.4187355041503906,37047,-.5697717666625977,5100826,-.6409025192260742,57251,3312397,59484,-.4471721649169922,2450775,50645,65782,19546,matched (3),943946.19,.85415035,75160.367,189807.91
201604,901832,675,4754,1180449,04,0,0,1,0,0,0,0,0,0,0,0,438645,-.2179689407348633,898547,788879,-.0857372283935547,304468,-1.116946220397949,130882,1027,1.61627721786499,211159,.3275995254516602,2846,92229,-.9191255569458008,173899,-.3974571228027344,533522,.1639509201049805,83826,.8852357864379883,129180,.7927951812744141,33000,1788245,500000,3303859,136463,.9017810821533203,165502,.5234546661376953,90904,.0252885818481445,87924,1.666046142578125,30960,-.4672346115112305,1895635,-.2918434143066406,1239072,.0932407379150391,112499,-.0661630630493164,189859,1245637,2793564,8729,959139,20285,.2104682922363281,454365,1616530,1480824,62765,2344049,-.5899877548217773,759000,2111182,219884,.7071247100830078,6714460,223612,.2323064804077148,56051,.4140748977661133,6523045,.2459392547607422,71459,4165361,133604,.8091726303100586,2805798,91409,8756,44847,matched (3),910590.56,.85415035,88976.539,195690.53
201605,901832,676,4754,1183541,05,0,0,0,1,0,0,0,0,0,0,0,568335,.2590208053588867,901572,20069,-3.671436309814453,930286,1.116926193237305,28407,1735,.5243654251098633,203193,-.0384550094604492,6316,101504,.0958232879638672,155716,-.1104402542114258,567831,.0623235702514648,76270,-.0944633483886719,142520,.0982761383056641,47000,2074315,414000,3666990,81849,-.5111770629882813,147648,-.1141529083251953,79591,-.1329030990600586,10878,-2.089730262756348,43972,.3508567810058594,2450681,.2568120956420898,1664308,.2950468063354492,138131,.2052583694458008,355868,599676,2529023,9765,397223,24002,.1682558059692383,308225,2759581,681575,70214,4780682,.7127037048339844,1151000,2771316,980666,1.495131492614746,6801896,197466,-.1243467330932617,61516,.0930356979370117,7596733,.1523771286010742,132011,5032306,101066,-.2791061401367188,3051964,12931,42965,20261,matched (3),962534.38,.85415035,101526.46,201706.67
201606,901832,677,4754,1479186,06,0,0,0,0,1,0,0,0,0,0,0,591807,.0404691696166992,1421751,1160713,4.057613372802734,1579242,.5292081832885742,45430,2561,.3893904685974121,229878,.1233930587768555,7019,116232,.1354904174804688,175065,.1171226501464844,829639,.3791666030883789,79865,.0460577011108398,111337,-.2469215393066406,189000,1893056,170000,3819290,52607,-.4420270919799805,264109,.5815315246582031,65596,-.1933860778808594,106999,2.286077499389648,50857,.1454648971557617,2644450,.0760965347290039,1786518,.0708589553833008,139527,.0100555419921875,114522,885854,5298447,3978,545643,24447,.0183696746826172,181214,2204854,551364,237695,4848789,.0141458511352539,915000,2948085,803858,-.1988096237182617,7841353,178168,-.102839469909668,116640,.6397943496704102,8023425,.0546464920043945,109653,4602687,107748,.064021110534668,3099772,77853,45639,43485,matched (3),1441599,.85415035,90529.281,196401.41
201607,901832,678,4754,1141190,07,0,0,0,0,0,1,0,0,0,0,0,528044,-.1140003204345703,982993,322951,-1.279289245605469,1254860,-.2299203872680664,179894,2685,.0472826957702637,146378,-.4513568878173828,19869,6402,-2.898977279663086,144324,-.1930961608886719,591311,-.338648796081543,37515,-.7555961608886719,95374,-.1547555923461914,50000,858315,375000,3685368,20939,-.9212360382080078,271000,.0257568359375,59504,-.0974712371826172,103585,-.0324268341064453,37818,-.2962322235107422,2447872,-.0772438049316406,1650765,-.0790290832519531,70740,-.6792469024658203,76844,632951,355277,10802,854636,8684,-1.035024642944336,194062,1791918,1654412,173145,2360785,-.7197351455688477,1078000,4880709,186993,-1.458351135253906,8512556,209325,.1611614227294922,27863,-1.431792259216309,7786337,-.0299949645996094,133538,3624349,35042,-1.123247146606445,3082020,12500,9796,40999,matched (3),1185740.8,.85415035,120529.52,211908.77
201608,901832,679,4754,1767977,08,0,0,0,0,0,0,1,0,0,0,0,455353,-.148106575012207,1731944,1616182,1.610321044921875,1377321,.0931158065795898,187729,2031,-.2791523933410645,233714,.4679059982299805,13072,22533,1.258370399475098,90538,-.4662914276123047,607176,.0264768600463867,78799,.7421588897705078,243238,.9362344741821289,36000,1410852,77000,3731560,45603,.7783603668212891,308432,.1293821334838867,152983,.9442825317382813,11578,-2.191286087036133,63203,.5135660171508789,2910354,.1730556488037109,1880949,.1305370330810547,93314,.2769594192504883,36507,475473,1742327,31323,999430,17321,.6904373168945313,141182,2030040,6927582,1297954,3949195,.5145177841186523,1223000,4101825,315924,.5244302749633789,8085858,208399,-.0044336318969727,52769,.6386241912841797,7952562,.0211238861083984,238808,4533932,78921,.8118991851806641,3363891,61633,187987,30220,matched (3),1916602.5,.85415035,105315.38,203640.09
201609,901832,680,4754,1194364,09,0,0,0,0,0,0,0,1,0,0,0,925272,.7090139389038086,1898374,377954,-1.453049659729004,593357,-.8420991897583008,111479,1323,-.4286260604858398,170026,-.3181467056274414,6140,67329,1.094610214233398,140647,.4404840469360352,542622,-.1124057769775391,29910,-.9687070846557617,30480,-2.076969146728516,74000,1111137,31000,2333803,41562,-.0927877426147461,150641,-.7166013717651367,48791,-1.142780303955078,81534,1.951912879943848,28274,-.8044090270996094,2276976,-.2454261779785156,1908704,.0146484375,19523,-1.564376831054688,32318,583604,109212,16388,492877,10698,-.4818630218505859,324474,1749859,4154482,23668,2134242,-.6154003143310547,827000,3271507,614451,.6652278900146484,7522806,239697,.1399211883544922,60951,.1441459655761719,7661412,-.0372982025146484,63846,3264830,73807,-.0669937133789063,2917801,44342,24851,68080,matched (3),1035370.5,.85415035,121030.34,212194.02
201610,901832,681,4754,1197362,10,0,0,0,0,0,0,0,0,1,0,0,1672728,.5921239852905273,1304820,1177917,1.136731147766113,1104323,.6211919784545898,64469,2498,.6355881690979004,168228,-.0106315612792969,20143,172278,.9395179748535156,305593,.7760009765625,567424,.0446939468383789,27765,-.0744171142578125,85547,1.031994819641113,40000,1257993,226000,3091587,45829,.0977315902709961,171255,.1282539367675781,87748,.5869226455688477,109559,.2954435348510742,68498,.884861946105957,2528822,.1049051284790039,1997040,.0452413558959961,132378,1.914068222045898,71990,391899,601497,18984,4869866,39043,1.294607162475586,268637,1997311,4244756,72524,2587387,.1925373077392578,779000,3533602,1796970,1.073127746582031,5249727,223746,-.0688638687133789,53468,-.130986213684082,8067415,.0516366958618164,108238,3693072,91488,.2147550582885742,2465679,104037,80002,66507,matched (3),1201943.1,.85415035,79867.352,191720.5
201611,901832,682,4754,471263,11,0,0,0,0,0,0,0,0,0,1,0,511946,-1.183992385864258,892342,794381,-.3939399719238281,617059,-.5820236206054688,7654,436,-1.745603084564209,220230,.2693519592285156,13728,126466,-.3091363906860352,104134,-1.076576232910156,502448,-.1216144561767578,28446,.0242319107055664,23925,-1.274142265319824,26000,2194326,149000,2922759,48533,.0573263168334961,139584,-.2044868469238281,55430,-.4593477249145508,14239,-2.040478706359863,26713,-.9416542053222656,3312567,.2699699401855469,1575563,-.2370529174804688,112328,-.1642389297485352,94233,387591,159595,11429,689930,11467,-1.225190162658691,47977,1820355,4085787,241130,1898288,-.3096961975097656,1088000,2884697,1070411,-.5180587768554688,3954699,201400,-.1052188873291016,48659,-.0942468643188477,8651687,.0699214935302734,55021,4086950,95109,.0388154983520508,2397362,9116,48427,33496,matched (3),781700.44,.85415035,65243.102,186103.8
201612,901832,683,4754,734612,12,0,0,0,0,0,0,0,0,0,0,1,1803523,1.259278297424316,1220896,642924,-.2115364074707031,823775,.2889328002929688,39304,3301,2.024338722229004,198777,-.1024885177612305,21809,37675,-1.210976600646973,203521,.6700906753540039,524294,.0425596237182617,58875,.7274084091186523,94900,1.377900123596191,82000,971766,196000,3564820,27637,-.5630884170532227,97738,-.3563766479492188,60144,.0816202163696289,8722,-.4901361465454102,39231,.3843173980712891,2184560,-.4163093566894531,886320,-.5752897262573242,89825,-.2235593795776367,235063,494544,256223,24856,985142,18605,.4839563369750977,150031,1867106,4599080,44678,2265224,.1767215728759766,969000,3039488,1420241,.2827835083007813,5903300,214769,.06427001953125,79025,.4849271774291992,10623753,.2053375244140625,154173,4399478,68974,-.321293830871582,2661604,21470,10531,36026,matched (3),839682.81,.85415035,102903.43,202403.25
201701,901832,684,4754,1670532,01,0,0,0,0,0,0,0,0,0,0,0,3496737,.6620883941650391,959354,1966830,1.118151664733887,1926068,.8493385314941406,30131,2097,-.4537181854248047,204648,.0291080474853516,10064,53967,.3593759536743164,171734,-.1698217391967773,612793,.155975341796875,39981,-.3870115280151367,100072,.0530662536621094,117000,1357680,261000,2676179,24713,-.1118259429931641,128983,.2773904800415039,92782,.4335117340087891,147387,2.827213287353516,70871,.5913934707641602,2781973,.2417459487915039,1216008,.3162498474121094,91682,.0204629898071289,103666,473568,622704,6060,864611,25429,.3124599456787109,213133,2072372,6948545,592402,2534347,.1122617721557617,1486000,3338638,1650824,.1504478454589844,5596963,227914,.0594053268432617,105669,.2905473709106445,8142788,-.2659587860107422,39368,4617963,107956,.4479942321777344,0,81925,56473,30559,matched (3),1472470.9,.85415035,82933.18,193017.8
201702,901832,685,4754,1272261,02,1,0,0,0,0,0,0,0,0,0,0,436967,-2.079728126525879,1167557,381119,-1.641066551208496,1486148,-.2592926025390625,10674,890,-.8570413589477539,180978,-.1229162216186523,1801,85157,.4561243057250977,482337,1.032695770263672,532024,-.1413393020629883,86694,.7739801406860352,44115,-.8190898895263672,23000,1227349,26000,0,13469,-.606938362121582,163866,.2393684387207031,45388,-.7150049209594727,33583,-1.479042053222656,78766,.1056203842163086,2667182,-.0421380996704102,1778210,.3800344467163086,75939,-.1883964538574219,94028,353028,556535,8891,654264,19251,-.2783269882202148,273082,1074317,4526320,272484,2454766,-.0319042205810547,835000,3836086,583621,-1.039777755737305,4267615,221384,-.0290689468383789,58999,-.5827903747558594,7782626,-.0452394485473633,78484,2891420,52632,-.7184000015258789,2514354,58399,66378,32092,matched (3),1323337.3,.85415035,68840.719,187395.31
201703,901832,686,4754,904769,03,0,1,0,0,0,0,0,0,0,0,0,678702,.4403247833251953,344981,1502999,1.372105598449707,782329,-.6416683197021484,43249,2208,.9086208343505859,157141,-.1412315368652344,12069,57762,-.3881654739379883,134696,-1.275622367858887,856075,.4756698608398438,34551,-.9199485778808594,49606,.1173114776611328,86000,1267478,143000,0,55532,1.416568756103516,182167,.1058750152587891,44689,-.0155210494995117,31279,-.0710725784301758,42007,-.6286449432373047,2138888,-.2207355499267578,1455048,-.2005681991577148,40812,-.6209535598754883,107004,300289,1402435,13894,466178,19658,.0209217071533203,198639,1625256,5064764,47681,3153013,.2503271102905273,1078000,3974493,2527635,1.465787887573242,5213337,263109,.1726694107055664,113214,.651759147644043,7633543,-.0193414688110352,11907,4241899,141310,.9876317977905273,2763383,100223,78177,45444,matched (3),1096039.8,.85415035,86323.289,194498.5
201704,901832,687,4754,850038,04,0,0,1,0,0,0,0,0,0,0,0,309666,-.7846879959106445,555707,1401584,-.069859504699707,1278181,.4909181594848633,15125,1364,-.4816656112670898,134885,-.1527214050292969,4316,118804,.7211437225341797,102350,-.2746219635009766,625421,-.3139333724975586,30105,-.1377449035644531,80239,.4808979034423828,62000,1235193,132000,0,29560,-.6305379867553711,118006,-.4341888427734375,54745,.2029590606689453,35989,.1402664184570313,36469,-.1413736343383789,2511865,.1607389450073242,1353010,-.0727071762084961,2485,-2.798703670501709,52023,818540,579768,14390,385328,10911,-.5887136459350586,757407,1432843,2587509,211514,3798072,.1861352920532227,949000,3265855,1644639,-.4297637939453125,3510808,223813,-.1617574691772461,52892,-.7610282897949219,6429971,-.1715822219848633,83426,3035812,97073,-.375493049621582,2673824,18510,43326,45417,matched (3),1033219.8,.85415035,59139.785,184052.91
201705,901832,688,4754,1581630,05,0,0,0,1,0,0,0,0,0,0,0,671036,.7733287811279297,705487,2233917,.4661540985107422,1230468,-.0380430221557617,23075,2399,.5646305084228516,167032,.2137632369995117,21540,118565,-.0020132064819336,132588,.2588481903076172,715207,.1341476440429688,77381,.9440498352050781,119442,.3978214263916016,125000,1666885,372000,0,62565,.7497844696044922,231380,.6733264923095703,68948,.2306661605834961,100912,1.031035423278809,180925,1.601619720458984,2983963,.1722269058227539,1960947,.3710956573486328,40479,2.790510654449463,74413,1203839,999881,20032,870599,24860,.8234891891479492,1748455,1604175,3069457,1442505,2880388,-.2765684127807617,1083000,4548774,1875850,.1315412521362305,2792375,250455,.1124677658081055,53159,.005035400390625,8084425,.2289695739746094,70576,4068464,102390,.0533266067504883,3163085,41226,20472,77534,matched (3),1524772.3,.85415035,107732.29,204900.47
201706,901832,689,4754,1167683,06,0,0,0,0,1,0,0,0,0,0,0,606330,-.1013984680175781,426227,489356,-1.51842212677002,934131,-.2755336761474609,76082,1618,-.3938612937927246,160485,-.0399847030639648,19768,45879,-.9494543075561523,89447,-.3936004638671875,694640,-.0291786193847656,66008,-.1589651107788086,70716,-.5241594314575195,59000,1539591,608000,3517358,28445,-.788233757019043,268410,.1484537124633789,39499,-.5570764541625977,43073,-.8513526916503906,172813,-.045872688293457,2349861,-.238896369934082,2088456,.0629968643188477,14918,-.9982147216796875,126673,599501,180150,45515,1110598,16489,-.4105663299560547,1729604,684467,3353554,534891,3174800,.0973196029663086,1103000,2662333,1442242,-.2628631591796875,2397714,230115,-.0846996307373047,44673,-.1739177703857422,8177574,.0114564895629883,2520,4182799,159231,.4415664672851563,3259108,68858,16479,46656,matched (3),1100030,.85415035,59657.633,184219.95
201707,901832,690,4754,2003487,07,0,0,0,0,0,1,0,0,0,0,0,736855,.1949663162231445,1085965,453947,-.0751094818115234,1112267,.1745395660400391,70883,2105,.2631244659423828,245533,.4252300262451172,25309,122642,.9832620620727539,165105,.6129350662231445,712913,.025965690612793,97329,.3883209228515625,137832,.6673641204833984,198000,1550865,176000,4074464,39224,.3213167190551758,389492,.3723278045654297,83835,.7525749206542969,107421,.9138593673706055,53090,-1.180221557617188,2334576,-.006525993347168,2125358,.0175151824951172,23218,.4423589706420898,122795,1051765,1918457,20300,1696751,38553,.8493404388427734,2676944,2599904,5555870,589922,4007990,.2330446243286133,1132000,4912833,441076,-1.184737205505371,4747294,239491,.0399370193481445,33476,-.2885408401489258,8906560,.0853919982910156,131160,3189532,165301,.0374116897583008,3678220,81986,78262,34167,matched (3),2091582.3,.85415035,107701.19,204884.13
201708,901832,691,4754,934497,08,0,0,0,0,0,0,1,0,0,0,0,883940,.1819982528686523,195472,1238788,1.003908157348633,1025421,-.0812978744506836,218543,906,-.8430314064025879,205573,-.1776294708251953,15218,97179,-.2327146530151367,284402,.5438070297241211,706722,-.0087223052978516,55649,-.5590324401855469,134366,-.0254678726196289,259000,982777,936000,3969011,49324,.229121208190918,289296,-.2973928451538086,42269,-.6847963333129883,24185,-1.491023063659668,48658,-.0871725082397461,2992986,.2484416961669922,2787252,.2711162567138672,33566,.3685855865478516,51647,1084649,643738,17534,1277631,13053,-1.083016395568848,2130892,2341348,725571,226901,3239227,-.2129545211791992,1597000,4270833,202347,-.7792329788208008,3708686,282054,.1635828018188477,24492,-.3124818801879883,8132872,-.0908737182617188,87699,2941291,112236,-.3871641159057617,3495692,82551,85710,43644,matched (3),913058.38,.85415035,100658.12,201271
201709,901832,692,4754,636687,09,0,0,0,0,0,0,0,1,0,0,0,652220,-.3040075302124023,940627,1684724,.3074684143066406,2752819,.987523078918457,284733,1623,.5829925537109375,153156,-.2943449020385742,9496,71159,-.3116378784179688,443890,.4451885223388672,723954,.0240907669067383,49454,-.1180219650268555,44872,-1.09675407409668,72000,1368196,168000,3857202,41240,-.1790018081665039,204008,-.3492908477783203,79956,.6374216079711914,2632,-2.21798849105835,54026,.104649543762207,2244520,-.2877798080444336,2691169,-.0350799560546875,3355,-2.303061485290527,119659,559419,658583,24907,918960,9449,-.3231086730957031,552951,1720717,870444,797069,3144989,-.0295248031616211,1082000,2739450,88281,-.8294591903686523,2348677,253074,-.1084175109863281,27538,.1172199249267578,6857591,-.170557975769043,40302,3514530,95834,-.1579856872558594,3005667,8614,36472,42586,matched (3),881862.63,.85415035,98896.742,200395.92
201710,901832,693,4754,976380,10,0,0,0,0,0,0,0,0,1,0,0,3770566,1.754598617553711,1225443,1647149,-.0225563049316406,1433159,-.652745246887207,31901,8439,1.648587226867676,194801,.2405223846435547,9670,51675,-.3199424743652344,218998,-.7065143585205078,726138,.0030126571655273,75405,.4218311309814453,122638,1.005423545837402,48000,981013,336000,3805798,38279,-.0745067596435547,179160,-.1298799514770508,87651,.0918874740600586,170363,4.170187473297119,37062,-.3768730163574219,2419547,.0750885009765625,2714991,.0088129043579102,64479,2.955887794494629,632705,540767,1096516,20810,848132,33475,1.264889717102051,2011421,1798561,2435091,45406,3623006,.1414937973022461,1315000,4444094,298812,1.219289779663086,4461751,263138,.038996696472168,50059,.5976352691650391,8592221,.2255010604858398,110859,3740851,125188,.2671985626220703,2653932,105909,61419,45302,matched (3),1166399.1,.85415035,138614.61,222692.55
201711,901832,694,4754,796397,11,0,0,0,0,0,0,0,0,0,1,0,1898574,-.686121940612793,1208871,478941,-1.235223770141602,893902,-.4720401763916016,146792,2889,-1.071953296661377,252816,.2606830596923828,19242,62645,.192509651184082,164126,-.2884283065795898,688058,-.0538673400878906,44108,-.5362329483032227,48944,-.9185600280761719,151000,919625,252000,3220415,40227,.0496368408203125,157267,-.1303348541259766,14096,-1.827472686767578,3202,-3.974155426025391,63367,.536351203918457,3193777,.2776241302490234,2275605,-.1765432357788086,5671,-2.430974006652832,28978,512437,1476458,20484,364900,18386,-.5992097854614258,1874399,1700686,2270827,127230,1797430,-.7009458541870117,1063000,3850698,353335,.1676025390625,4601105,279997,.0621004104614258,25209,-.6860008239746094,9209303,.0693569183349609,46596,2994058,115778,-.0781421661376953,3456058,13534,40224,17616,matched (3),779379.63,.85415035,72186.945,188650.23
201712,901832,695,4754,2087512,12,0,0,0,0,0,0,0,0,0,0,1,2136419,.1180276870727539,3088992,1927109,1.392199516296387,2294897,.9428472518920898,18223,4753,.4978652000427246,163539,-.4356107711791992,14829,69064,.0975494384765625,500254,1.114481925964356,650927,-.0554752349853516,44868,.0170841217041016,110492,.8142662048339844,63000,1340510,415000,3943686,61735,.4283123016357422,189722,.1876153945922852,17576,.2206439971923828,11235,1.255257606506348,56513,-.1144723892211914,2538989,-.2294387817382813,1686780,-.2994241714477539,7313,.2542877197265625,146748,740012,2156476,30727,608006,25355,.3213863372802734,2999075,2840131,2667302,268757,3385929,.633270263671875,1180000,7133880,466244,.2772922515869141,4881982,269153,-.0394983291625977,55435,.7880096435546875,9768335,.0589313507080078,238422,3772251,134076,.1467323303222656,3419472,84783,54821,29138,matched (3),1872777.3,.85415035,127436.9,215912.3
201801,901832,696,4754,1893808,01,0,0,0,0,0,0,0,0,0,0,0,6260808,1.075178146362305,2166746,1447587,-.2861232757568359,1460246,-.452082633972168,115017,9785,.7220754623413086,89743,-.6001014709472656,16909,27041,-.9376792907714844,257653,-.6635026931762695,722412,.1041975021362305,101570,.8170232772827148,82426,-.2930421829223633,79000,1147226,224000,3092872,48056,-.2504844665527344,412354,.7763223648071289,88756,1.619356155395508,124410,2.404548645019531,70854,.2261505126953125,2096528,-.1914834976196289,1931424,.1354360580444336,54,-4.908424377441406,73798,638693,715020,5739,1200494,51041,.6996536254882813,2500781,2373101,1374156,176996,2712112,-.2219009399414063,1107000,4978966,268650,-.551300048828125,4503807,350203,.2632331848144531,43843,-.2345952987670898,9487699,-.0291500091552734,57271,3541215,153343,.1342706680297852,3182496,0,62295,8077,matched (3),1903802.1,.85415035,102756.23,202328.45
201802,901832,697,4754,1540113,02,1,0,0,0,0,0,0,0,0,0,0,4225440,-.3931856155395508,1033087,708872,-.7139787673950195,1125173,-.2606687545776367,45980,2669,-1.299147129058838,150727,.5185203552246094,5466,65190,.8799514770507813,241400,-.0651578903198242,686479,-.0510196685791016,80097,-.2375097274780273,112439,.3105096817016602,37000,765402,214000,3314657,38959,-.2098569869995117,109576,-1.325263977050781,87914,-.0095319747924805,28396,-1.477334022521973,96769,.3117046356201172,1924059,-.0858449935913086,1528211,-.2341594696044922,434,2.084060192108154,118641,372621,719787,22159,1377845,10173,-1.612892150878906,3571185,2713104,2132788,708599,2743580,.01153564453125,1045000,5655705,155725,-.5453176498413086,4988500,286746,-.1999168395996094,28251,-.4394865036010742,7589207,-.2232685089111328,55837,2639629,111898,-.315089225769043,3009427,51233,2287,17662,matched (3),1641371.5,.85415035,110191.98,206204.34
201803,901832,698,4754,1591100,03,0,1,0,0,0,0,0,0,0,0,0,4988085,.165928840637207,2135878,549857,-.2540159225463867,1079330,-.041595458984375,204454,6289,.8570981025695801,192117,.2426347732543945,13016,12655,-1.639253616333008,270031,.1120815277099609,894725,.2649402618408203,62044,-.2553949356079102,92739,-.1926212310791016,74000,1331064,260000,4514713,26318,-.3922567367553711,160426,.3812141418457031,123782,.3421630859375,32186,.1252832412719727,148333,.4271335601806641,2674126,.3291854858398438,2279174,.399714469909668,376,-.1434550285339356,181401,480572,823195,44915,1631137,50338,1.59902286529541,4666375,2577721,2280685,154097,4468840,.4878654479980469,1646000,3626399,83599,-.6220598220825195,5472659,304920,.0614528656005859,48074,.5316123962402344,6121519,-.2149162292480469,88814,3122557,116939,.0440645217895508,3243036,141256,102260,54313,matched (3),1554502.1,.85415035,100001.1,200943.22
201804,901832,699,4754,872082,04,0,0,1,0,0,0,0,0,0,0,0,793675,-1.838132858276367,664750,1365142,.9093551635742188,729466,-.3917837142944336,11493,1772,-1.266693115234375,138110,-.3300542831420898,10893,45787,1.285947799682617,144638,-.624302864074707,764896,-.1567764282226563,52722,-.1628103256225586,26832,-1.240194320678711,24000,1168322,317000,3695406,44905,.5342960357666016,74255,-.7703275680541992,50137,-.9037628173828125,47591,.3911123275756836,70641,-.7418489456176758,2675134,.0003767013549805,2667881,.1574716567993164,804,.760009765625,98850,462486,1530893,16999,418542,10211,-1.595293998718262,3454541,1764987,4432114,179099,3682242,-.1936073303222656,991000,5263516,139585,.5126419067382813,4312422,272437,-.1126422882080078,16402,-1.075338363647461,8276994,.3016691207885742,321834,4463417,123783,.0568771362304688,3043661,46418,48162,15155,matched (3),1413893.8,.85415035,91132.18,196680.03
201805,901832,700,4754,1821352,05,0,0,0,1,0,0,0,0,0,0,0,600080,-.2796115875244141,1059317,1939207,.3510208129882813,1747700,.8737430572509766,192907,10960,1.8221435546875,143250,.0365409851074219,66443,76756,.5166311264038086,414209,1.052136421203613,859546,.1166648864746094,79590,.4118556976318359,104040,1.355179786682129,127000,2054323,655000,4026011,56070,.2220516204833984,176078,.8634214401245117,68180,.3073921203613281,24132,-.6791048049926758,84494,.1790695190429688,3042284,.1286087036132813,3085398,.1453962326049805,15747,2.97480583190918,130601,780819,1441905,47203,731706,32651,1.162409782409668,13223853,2381581,6090531,180037,5327188,.3693017959594727,1375000,5898818,230173,.500157356262207,4327934,545801,.6948471069335938,63958,1.360823631286621,10910814,.2762746810913086,69439,4697685,145378,.1608076095581055,3646711,96639,53694,80439,matched (3),1868605.1,.85415035,125072.46,214525.25
201806,901832,701,4754,1405288,06,0,0,0,0,1,0,0,0,0,0,0,882605,.3858146667480469,1667127,1439338,-.298095703125,862157,-.7066183090209961,27280,4639,-.8597536087036133,121487,-.1647844314575195,16086,50813,-.4124784469604492,239269,-.5487823486328125,811391,-.0576543807983398,47235,-.5217533111572266,130197,.224273681640625,91000,1706529,484000,3793903,42258,-.282806396484375,301536,.5379629135131836,54101,-.2312984466552734,25916,.0713214874267578,40343,-.739262580871582,2356245,-.2555389404296875,2729286,-.1226406097412109,18271,.1486654281616211,63056,428074,1257277,17838,492516,26439,-.2110357284545898,13496263,2506407,3950099,56580,3689885,-.3672275543212891,979000,3116358,215614,-.0653409957885742,3158212,249014,-.7847452163696289,55883,-.1349658966064453,8325845,-.2703895568847656,38781,4520266,121821,-.1767845153808594,3167476,40650,54163,21307,matched (3),1233196.8,.85415035,73694.031,189232.05
201807,901832,702,4754,1622491,07,0,0,0,0,0,1,0,0,0,0,0,540760,-.4899015426635742,2579154,2039930,.3487319946289063,931606,.0774726867675781,209950,3238,-.3595428466796875,157818,.2616348266601563,23016,68948,.3051996231079102,161330,-.3941364288330078,941784,.1490259170532227,82184,.5538253784179688,216388,.5080242156982422,105000,1261390,312000,4405567,57102,.3010454177856445,308578,.0230846405029297,150285,1.02168083190918,77741,1.098522186279297,73856,.6046991348266602,2461076,.0435295104980469,2813972,.0305566787719727,1741,-2.350855350494385,85011,661721,872202,27023,598422,20340,-.2622509002685547,10925570,1737325,5190855,113985,4785731,.2600431442260742,1121000,5042337,278083,.254429817199707,4232750,250872,.0074338912963867,74735,.2906875610351563,10301450,.2129192352294922,52227,3670014,135015,.1028327941894531,3410232,13153,58561,30975,matched (3),2045555.4,.85415035,139025.2,222948.34
201808,901832,703,4754,2565597,08,0,0,0,0,0,0,1,0,0,0,0,2219994,1.412283897399902,2357486,3247982,.465118408203125,2530003,.9990663528442383,29580,2948,-.0938291549682617,102799,-.4286661148071289,43831,24008,-1.054965019226074,370513,.8314371109008789,996027,.0559988021850586,86219,.0479297637939453,100320,-.7687082290649414,52000,2012570,414000,4544878,51550,-.1022872924804688,235738,-.2692527770996094,35296,-1.448763847351074,118405,.4207286834716797,62962,-.1595859527587891,3516154,.3567686080932617,2986193,.0594024658203125,16422,2.244162082672119,89363,887987,1113426,34224,453924,12067,-.5221147537231445,7419547,1493909,4285396,5765007,2806214,-.5338020324707031,1230000,5999911,242268,-.1378755569458008,4084105,328490,.2695636749267578,68975,-.0802040100097656,9127830,-.1209564208984375,92172,4864182,152669,.1228866577148438,3447500,33837,71566,37082,matched (3),3341847.3,.85415035,454212.06,486504.44
201809,901832,704,4754,2511786,09,0,0,0,0,0,0,0,1,0,0,0,2569232,.1461019515991211,1141987,2003094,-.4833412170410156,1042030,-.8870506286621094,25356,4749,.4768075942993164,136279,.2819280624389648,12990,8953,-.9863986968994141,310097,-.178004264831543,949077,-.0482845306396484,71910,-.1814756393432617,88655,-.1236124038696289,34000,1017997,624000,4245422,29135,-.5706119537353516,147438,-.4693136215209961,109580,1.132884979248047,115186,-.0275630950927734,49203,-.2465763092041016,2610554,-.2978048324584961,2981528,-.0015630722045898,14252,-.1417245864868164,54124,785497,2973535,25138,356040,24967,.7270803451538086,12858527,1141204,1390770,11483,3249108,.1465435028076172,815000,4647925,712456,1.07867431640625,4053439,362650,.0989313125610352,35876,-.6536760330200195,9174631,.0051136016845703,38748,3421307,108592,-.3406744003295898,3071280,17565,8044,28929,matched (3),1109499.9,.85415035,127896.01,216183.59
201810,901832,705,4754,1900934,10,0,0,0,0,0,0,0,0,1,0,0,1100466,-.8478727340698242,0,1779084,-.1185941696166992,1921032,.6116924285888672,0,1649,-1.057765483856201,179374,.2747688293457031,12358,62291,1.939827919006348,504009,.4857091903686523,1132277,.1764955520629883,100264,.3323917388916016,33903,-.9612483978271484,70000,1476729,496000,4290401,42311,.3731069564819336,116259,-.2375869750976563,94165,-.151606559753418,110494,-.0415868759155273,71647,.3757963180541992,2034802,-.2491636276245117,2838847,-.0490379333496094,2096,-1.916866302490234,0,251508,0,16452,0,34295,.3174448013305664,6879044,0,0,0,2932759,-.1024370193481445,1275000,0,528376,-.2989101409912109,0,270735,-.29229736328125,72401,.7021522521972656,9810399,.0670013427734375,0,3072599,112172,.032435417175293,3231794,124530,0,24638,matched (3),1168987.6,.85415035,145785.94,227225.66
201811,901832,706,4754,1265153,11,0,0,0,0,0,0,0,0,0,1,0,2415534,.7861862182617188,1712029,1543992,-.1417274475097656,719726,-.9817476272583008,128460,5811,1.259583950042725,117963,-.4191017150878906,8831,36725,-.5283584594726563,425426,-.1695032119750977,764186,-.3931741714477539,99990,-.0027370452880859,43740,.2547588348388672,47000,1085078,721000,3492616,56380,.2870674133300781,176754,.4189376831054688,62190,-.4148540496826172,83073,-.2852420806884766,55745,-.2509632110595703,1674092,-.1951274871826172,2725892,-.0406026840209961,7690,1.29988956451416,170990,570706,779937,12498,632422,14067,-.8911676406860352,10100920,2505200,2677631,60307,4234130,.3672342300415039,1057000,5965811,737617,.3336162567138672,6718246,286832,.0577564239501953,38929,-.6204805374145508,10151747,.0342025756835938,64732,3782405,145871,.2626895904541016,3140478,1268,56164,9919,matched (3),1808697.8,.85415035,115450.28,209061.53
201812,901832,707,4754,1792543,12,0,0,0,0,0,0,0,0,0,0,1,692794,-1.248942375183106,2194360,421636,-1.297984123229981,2284107,1.154860496520996,61912,6972,.1821489334106445,184242,.4458789825439453,18793,13659,-.9890594482421875,349923,-.1953773498535156,527485,-.3706912994384766,153030,.4255638122558594,138641,1.15362548828125,62000,1205888,871000,4535942,78155,.3265790939331055,131681,-.2943763732910156,87230,.3383541107177734,118193,.3525991439819336,78861,.3468990325927734,2060616,.207733154296875,1631157,-.5135059356689453,1310,-1.769893169403076,197750,467630,1174012,43675,967854,28725,.7139358520507813,10308074,3133027,2117283,171464,4447902,.04925537109375,1135000,11243951,238047,-1.130956649780273,6413285,170753,-.5186786651611328,82932,.7562808990478516,9238585,-.0942573547363281,120569,3976948,121416,-.1835002899169922,3266694,11650,61666,18650,matched (3),2579342.3,.85415035,227987.39,286977.72
